Title,Lyrics,Singer,Lyricist,Metopher,Source Domain,Target Domain,Meaning
මා  ඉතින් යන්න යනවා ,"""මා ඉතින් යන්න යනවා මට යන්න අවසරයි මට අරන් යන්න ඇත්තේ ඒ මතකය විතරයි ඔබ සඳක් සේම පායා මට එලිය දුන් වගයි ඔබ සඳක් සේම බැස යයි මට අයිති කළුවරයි මට මතක එපමණයි සඳ එලිය අයිති ලොවටයි සඳ අයිති අහසටයි උණු කඳුළු බින්දු පමණක් මේ බිමට වැටෙනු ඇයි මට උරුම එපමණයි""",සුනිල් එදිරිසිංහ,රත්න ශ්‍රී විජේසිං,ඔබ සඳක් සේම,සඳ,ඔබ/ ආදරවන්තිය,ඔබ මගේ ජීවිතය සඳක් ලෙස ආලෝකවත් කර දැන් සඳක් ලෙස හැර යයි
ලෙන්චිනා,ලෙන්චිනා මගෙ නංගියේ ඇයි ගංතෙරට වී ගොම්මනේ පෙත්තරේ ළඟ පැන් තොටේ ගම්මානයේ පව් සෝදනාරත්තරන් වී කළු වලාකුළු චන්ද්‍රයා සේ පායලා ලෙන්චිනා ඇති වැඩ කලා දැන් ගෙදර යං කළුවර වුණා පින්වතුන් කැල ඇන්ද සළුපිලි සේදුවා නුඹ සේදුවාතාම නෑ කිලිකුණු ගිහින් ඒ කිම්ද නොදැනේ කාරණා සේදිලා පරිශුද්ධ වීමෙන් යුග දෑත් නුඹෙ බබලනා",සුනිල් එදිරිසිංහ,රත්න ශ්‍රී විජේසිං,කළු වලාකුළු චන්ද්‍රයා  සේ පායලා ,චන්ද්‍රයා ,කළු වලාකුළු,රත්‍රියට අඳුරු වලාකුළු ආලෝකමත් වන බැවින් ඒවා  සඳ මෙන් පෙනේ
මම කඳුළු බිංදුවක්,මම කඳුළු බිංදුවක් සීතලට දැනෙන සිත රිදවන කඳුළු බිංදුවක් මම කඳුළු බිංදුවක් දරු සෙනේහයෙන් මවක නෙතින් ගලා හැලුණ ප්‍රිය වියෝගයෙන් විරහිනියක ඇසින් මිදුන ඒ කඳුළු බිඳක නමක් ගමක් ලියා තියෙනවද රළු පරළු කුරිරු හදක් වෙඬරු වී වැගිරෙන ගිනි ගැණුනු පෑල මල් දෙකොපුල රෑරා එන මට එකතු වෙන්න ඔබේ ඇසෙත් කඳුළු තියෙනවද,දීපිකා  ප්‍රියදර්ශනී,රත්න ශ්‍රී විජේසිං,මම කඳුළු බිංදුවක්,කඳුළු බිංදුව,මම,මම කඳුළු වගේ හිත් රිදවන කෙනෙක්
බිම්බරක්,බිම්බරක් සෙනග ගැවසුන චන්ද්‍ර සූර්යා ඉපදුන ස්වර්ණ භූමියේ මනරම් මාළිගාව කෝ යුද්දේකට ඇවිත් රුපුසෙන් සත් මුහුදුමතින් ගුවනින් කම්බි වට කලේ මනරම් මාළිගාවදෝ මාළිගාවදෝ ට්‍රැක්ටරේ යකඩ ගජසෙන් කුංචනාදයෙන් ඇලළුන වෘක්ශ දේවතාවන් බිම වැටී පණ ගසයි මිනී මල් පිපුන සීතල නිම්න භූමියේ ඇටකටු හතර රියන් කඩ අහිමිව විලාපය නගයි විලාපය නගයි කැළෑ මල්පිපී රතු තොල් වලින් කෑගසා ඉල්ලන ජාතියේ නිධානය රන් රුවන් කරඬු කොයි වෑකන්ද කඩා බිම්කටු කම්බියෙන් බෙදා මේ රණ බිමේ හිසගසා දමනා කඩුව බිම දමව් කඩුව බිම දමව්,ගුණදාස කපුගේ,රත්න ශ්‍රී විජේසිං,වෘක්ශ දේවතාවන්,දෙවියන්,වෘක්ශ,දෙවිවරුන් වැනි ගස්
චන්ද්‍ර මණ්ඩලේ,චන්ද්‍ර මණ්ඩලේ සැතපුණ පුංචි සාවියේ මන්ද කියාපන් නොකියා හැංගිලා ගියේ පාන නිවුන සේ පාළුයි ලැයින් කාමරේ මන්ද නුඹ ගියේ කියපන් පුංචි සාවියේ ලාභ රත්තරන් දිලිසෙන පාළු වීදියේ ගෑනු ළමයි පියාඹලා ඉස්සරත් ගියේ උන්ට සෙයිලමේ මඟතොට පාර වැරදුණේ අන්න ඒ නිසයි මට දුක රත්තරන් දුවේ මාල බැඳන් සුදු යකඩෙන් රෝස මල් වනේ මාල ගිරව් ගේ දොරකඩ සිංදු කිව් වෙලේ හීනෙනුත් හිතුනෙ නෑ මට මොකද කාරණේ පාර මතකනම් තාමත් ගේ ලඟයි දුවේ,සුනිල් එදිරිසිංහ,රත්න ශ්‍රී විජේසිං,පා න නිවුන සේ පා ළුයි,නිවුනු පහන,පා ළුව,දැ ල්වෙන පහනක් නිවා  දැ මූ පසු ඇතිවෙන අදුර සහ තනිකම පා ළුවට සමා න  කර ඇත
ආලයේ ගා ථා,ආලයේ ගාථා සජ්ජායනා කලා ආලයේ මන්ත්‍ර සිය වරක් ජප කලා චණ්ඩාල වශී බන්ධනයෙන් හද බැඳ තබා සාධු තර ස්වප්නය ට නිගා දී ඔබ ගියා ස්නේහයේ චුම්බනය නලල මත වගුරුවා ආලිංගනය සුරස මතක පොත පුරව්වා ප්‍රේම ආරාමයේ කැනි මඩළ බිම හෙලා සාර තර වසන්තය නිමා කර ඔබ ගියා සුපුෂ්පිත හදවතේ සුගන්ධය විහිදුවා සුරක්ෂිත දොරටුවේ සෙබළ මුළු විසුරුවා ප්‍රේමයේඅභය භුමියේ දි මා නසා මධුර මධු කුසලාන කඩා බිඳ ඔබ ගියා",කසුන් කල්හා ර,සුනිල් ආරියරත්න,ප්‍රේමයේ අභය භුමියේ,අභය භුමිය,ප්‍රේමය,ප්‍රේමය යනු අභය භූමියක් බදු සුන්දර දෙයකි
අකුරු සතර කරන පුතුට,අකුරු සතර කරන පුතුට සඳ දෙවියෝ රැස් හෙළූහ.\n රෑ තනියට ලඟ ඉන්නට සිය තරු දරුවන් එවූහ.\n හිරු දෙවියෝ සුළඟ වෙසින් ආසිරි චාමර සැළූහ.\n අකුරු සතර දත් පුතු ලඟ ගණ දෙවියෝ මල් පිදූහ.\n මගෙ දියණිය මලකි බඹරු එ මල වටා ගී ගැයූහ.\n රොන් ගන්නට බැරිවූ තැන මගෙ මල ගැන පද හැදූහ.\n වම් පියයුර ගඩා ගසා බඹර නුවර ගිනි ලැවූහ.\n පත්තිනි දෙවියෝ ඇවිදින් දුවගෙ නමට මල් පිදූහ.\n සතුරු සෙනග දුටු මනතින් බියසුල්ලෝ පැන දිවූහ.\n බාරහාර වී තැන තැන රහසේ කටමැත දෙඩූහ.\n විරු දරුවෝ ගෙන අසිපත් රුපු සේනා පොලු ගැසූහ.\n කඳ දෙවියෝ රණබිම් වැද බල සෙනඟට මල් පිදූහ.,නන්දාමාලිනි,සුනිල් ආරියරත්න,මගෙ දියණිය මලකි,මල,මගේ දියණිය,සොඳුරු රුවැති මගේ දියණිය
ලේ කඳුලින්,ලේ කඳුලින් දෙපා දොවා\n මුර ගෑ යාදිනි නෑසූ සවනින්\n නොයන් සුපෙම්වත අතැර දමා මා මරු කතරේ...\n හද මල් ගොමුවේ ප්‍රථම මලයි ඔබ නෙළුවේ...\n එමලේ පිවිතුරු සුවඳ පොදයි ඔබ ලැබුවේ...\n ආදර කඳුළට නිගා කරන්නට\n සැහැසි වුණේ කිම කියන් සුපෙම්වත...\n යෞවනයේ කඳු සිරස මතයි මා  සිටියේ...\n එහි මා කැඳවූ දිනෙක ඔබයි මා නැසුවේ...\n කවට කමින් ආළය ගරහන්නට...\n සැහැසි වුණේ කිම කියන් සුපෙම්වත,නන්දාමාලිනි,සුනිල් ආරියරත්න,හද මල් ගොමුවේ,මල් ගොමුවේ,හද,සුන්දර හදවත
මගේ සඳ ඔබ,මගේ සඳ ඔබ - මගේ සඳ ඔබ\n එදා සඳ නොව - මෙදා සඳ ඔබ\n මගේ සඳ ඔබ මගේ....\n එදා මට ඔබ සරා සඳ විය..\n කවි ඇසින් දුටු සොඳුරු පියකරු..\n අඳුරු හද ගැබ එකලු කරමින්..\n උදාවිය ගිරි ශිඛර සිරසේ...\n මගේ සඳ ඔබ...\n මෙදා මට ඔබ සැබෑ සඳමය..\n විදු ඇසින් දුටු ලොවය විසකුරු..\n ප්‍රාණයෙන් තොර වියලි සඳසේ..\n ඔබද අදමා අසල ගැවසේ...\n මගේ සඳ ඔබ,නන්දාමාලිනි,සුනිල් ආරියරත්න,මගේ සඳ ඔබ,මගේ සඳ,ඔබ,සොඳුරු පියකරු ඔබ හදවත ආලෝකමත් කරයි"
අහස සේ ඔබ ,අහස සේ ඔබ අනන්තයි සයුර සේ ඔබ අනන්තයි මේ විශ්වයේ මා දකින්නේ…ඒ ඔබමැ පමණයිඔබ අනන්තයි අනන්තයි වෙණ තතක් හැඩවෙන තැනත් ඔබ මදුවිතක් උතුරන තැනත් ඔබ තෙළිතුඩක් දැවටෙන තැනත් ඔබ පන්හිඳක් ගැවසෙන තැනත් ඔබ අඩ සඳක් සැගවෙන තැනත් ඔබ රළ පෙළක් පෙරලෙන තැනත් ඔබ සිසිලසක් දනවන තැනත් ‍ඔබ උණුසුමක් ගෙනදෙන තැනත් ඔබ,නන්දා  මා ලනී,සුනිල් ආරියරත්න,අහස සේ ඔබ අනන්තයි,අහස,ඔබ/ ආදරවන්තය,ඔබ අහස තරම් විශා ල සහ වටිනා  කෙනෙක්
ඇගේය ඔබ දැන් ,ඇගේය ඔබ දැන් ඇගේය සිරුරින් ඇගේය මගේය එනමුත් මගේය හදවත මගේය අගේය ඔබ මට අගේය කඳුළැලි නැගේය මගේය ඔබ නම් මගේය සැමදා මගේය ඔබ මට ජල ධාරාවක් වගේය සීතල ජලධාරාවක් වගේය ඒ ජල ධාරාවම දැන් ඇගේය එනමුත් ජලයේ සිසිලස මගේය ජලයේ සිසිලස මගේය ඔබ මට මිනිවීනාවක් වගේය ඔකනද මිනි වීනාවක් වගේය ඒ මිනි වීනාවම දැන් ඇගේය එනමුත් වීනා නාදය මගේය වීනා නාදය මගේය,දීපිකා  ප්‍රියදර්ශනී,සුනිල් ආරියරත්න,ඔබ මට ජල ධා රා වක් වගේය,ජල ධා රා ව,ඔබ/ ආදරවන්තය,අදරවන්තයා  ජල ධා රා වක් වැනි සිසිලස ගෙන දෙන අයෙකි
නීල නුවන් යුග,නීල නුවන් යුග කවියක් විය ඔබගේ පන්හිඳ තුඩගේ පැටලී ඇයගේ හදින් ගැලු සෙනෙහස සිතුවමක් විය තෙලි තුඩගේ දැවටී පිනි දිය මිදෙනා මිටියාවත මැද ගෙපැලේ පිල මත හිඳ හිමිදිරියේ පිනි දිය මිදෙනා මිටියාවත මැද ගෙපැලේ පිල මත හිඳ හිමිදිරියේ ඇයගේ දෑසින් කියවූ කවියද මුමුණන්නේ තනි වී රළ රැලි හඬනා පුලින තලාවේ නැවතී දේදුනු සායම කලතා රළ රැලි හඬනා පුලින තලාවේ නැවතී දේදුනු සායම කලතා ඇගේ හදේ දුටු සිතුවම දෝ ඔබ සමරන්නේ තනි වී,චන්ද්‍රලේඛා  පෙරේරා,සුනිල් ආරියරත්න,සෙනෙහස සිතුවමක් විය,සිතුවම,සෙනෙහස,ඇයගෙ සෙනෙහස සිතුවමක් වැනි මනසට ඉතා  සෞම්‍ය දෙයකි
ඔබ දේදුන්න,ඔබ දේදුන්න ආකාසයේ අන්දා තබා යන තෙක් විත් බලා එය සේදෙන්න වැහි මේකුලේ සැංගී හඹා එමි කඳුලැල් සලා ඔබ දේදුන්න ආකාසයේ සුළ‍ඟේ නළවා පෙර සේ එනවා ඔබ මා කළඹා කිමදෝ යන්නෙ නොරැඳී ගලා ගගනේ පියඹා කැදලි නොඅඹා ඔබ ආ ගිය දා සිට මා ඉන්නේ උමතු වෙලා ඔබ මල් විලකි මා එහි මලකි සුවඳින් කැලතී යමු පීනන්න දියවැල් සලා,මර්වින් පෙරේරා ,සුනිල් ආරියරත්න,ඔබ දේදුන්න ආකාසයේ,දේදුන්න,ඔබ/ ආදරවන්තිය,ආදරවන්තිය දේදුන්නක් මෙන් පා ය තා වකලිකව අන්දා  තබා ගනි
ආදර මල් වල,"ආදර මල් වල පාට කියන්නද
මේ වගෙ ලස්සන තව නෑ
මේ වගෙ ලස්සන තව නෑ
මීදුම් පිණි පොද දෑස වසන් කල
සමනල් සිහිනය පිපුනා...
සමනල් සිහිනය පි පු නා...

දේදුනු රේඛා - දෑසම තවරා..
තවමත් මල් සිත - බලා සිටිනවා..
මීදුම් තවරා සුළඟක - ඈතක සගවා තුන්සිත
දෑස හොරෙන් ඈත‍ සොයනවා..
අදුර මැදින් එන්න සදලියේ...

දේදුනු සායම - දෑස‍ බොඳ කල
මාලති යායක හැලිලා...
මාලති යායක හැලිලා...
සීතල හිම කදු යාය පිය මැන
දෙව්ලිය සිහිනෙක වැ‍ඩියා
දෙව්ලිය සිහිනෙක වැ‍ඩියා...",කසුන් කල්හා ර,,ආදර මල්,මල්,ආදරය,ආදරය මලක සුන්දරත්වයට සමා න කර ඇත
මල් මිටක් තියන්න,"මල් මිටක් තියන්න ඔබ අතේ
මට කියා කොයින්ද මල් වනේ
ජීවිතේ විසල් නදී තෙරේ
තුරු හිසත් මලත් ඔබයි මගේ

සොදුරු කවි ලියාන හිත් කොනේ
තාරුකා වහින රාත්‍රියේ
ගෙල වටේ ගිලී හමා ඇදි නළරැළී
ඔබයි මගේ

තුරුලතා පවා දුකෙන් වගේ
අතවනා සොයන්නෙ ඔබ කොහේ
හැන්දෑව වගේ සෞම්‍ය වී නිදා ඉන්න
මගේ හදේ.",කසුන් කල්හා ර,ප්‍රභා  රා ජගුරු,ජීවිතේ විසල් නදී තෙරේ,ගඟ,ජීවිතය,ජීවිතය විශා ල ගඟකට සමන කර ඇත
මල් වරුසාවේ,"මල් වරුසාවේ පාවී එන්නම්
රෑ අදුරේ...තරු කැට අතරින්
ඔබ එනවානම් - රැදෙන්නම් සිතේ
සීත රැයේ තනිකම නොදැනේ...
නිල් ආකාසේ...පාවී එන්නම්...
පාවී එන්නම්.....

පිණි දිය විසිරුනු ගං ඉවුරේ
දිය රල බිදුනේ ගී හඩ සේ..
ඔබ මා වූ සිහින පැලේ
සෙනෙහේ දැනුනේ...
මල් වරුසාවේ...පාවී එන්නම්
පාවී එන්නම්.....

මල් වරුසාවේ පාවී එන්නම්
රෑ අදුරේ තරු කැට අතරින්
ඔබ එනවානම් රැදෙන්නම් සිතේ
සීත රැයේ තනිකම නොදැනේ
නිල් ආකාසේ...පාවී එන්නම්...
පාවී එන්නම්...",කසුන් කල්හා ර,චරිත් සේනා දීර,දිය රල බිදුනේ ගී හඩ සේ,ගී හඩ,දිය රල,ගඟක දිය රල බිදෙන හඩ ගීතයක් සේ අසෙනවා
හිත වාවන්නේම නෑ,"
            හිත වාවන්නේම නෑ, ඔබ අයෙත් එන්නෙ නෑ
මම තාම දන්නෙ මා ඔබේ කියා
හිරි කෝඩු මැදියම් රෑ, දුන් හීන එලිවෙන් නෑ
ඔබ තාම දන්නෙ ඔබ මගේ කියා //
මම තාම දන්නෙ මා ඔබේ කියා


සුසුමන් කියා නොදුන්නු, ජීවිතේ සුපෙම් කතාව
කියා දුන්නෙ ඔබමයි ලදේ //
දෑසත් පියාන උන්නෙ, බැරිද තාම අවදිවෙන්න
බලා ඉන්න බෑ මට තවත්
සීතලෙන් මා වෙලී, දෙනුවන් පහන් නිවි
ඔබ යන්නෙ ඇයි ආදරි //


හිත වාවන්නේම නෑ....


උකුලේ නිදාන උන්නු කාලෙ ආයෙ එන්නෙ නෑ නේ
තනිවෙන්න බෑ මට ඉතින්
කෙහෙරෙල්ලෙ ගෑවි ගෑවි සුවද සෙව්ව මා එදා
ලන් වෙලා ඉන්න බෑ ඉතින්
ආදරේ නෑ ඔයා, පාඩුවේ මා හෙලා
ඔබ යන්නෙ ඇයි ආදරී // 


හිත වාවන්නේ නෑ.....   ",භාතිය සන්තුෂ්,,දෙනුවන් පහන් නිවි,නිවුනු පහන,ඇස්,නිවුනු පහනට ඇස් දෙක  සමා න කර ඇත
මගෙ සිහිනේ ඔබයි,"මගෙ සිහිනේ ඔබයි
තනි යහනේ නොවෙයි
ආදරයේ හද උණුසුම ඔබයි
ඔබෙ සෙනෙහේ මගෙයි
ඔබෙ සෙනෙහේ මගෙයි
තනි යහනේ නොවෙයි
ආදරයේ ඔබ මුතුලැල් වටී

මල් පැන් පොදක් කිනිත්තක් අගින්
ඉසින්නා වගෙයි මට ඔබේ ආදරේ
නෙළුමක් නෙළුමක් අරං

ඔබගෙන් තවත් ලැබූ පෙම් වදන්
ඉතිං ආදරෙයි නම් බෝමයි හැගුම්
අහසක් අහසක් තරම්   ",භාතිය සන්තුෂ්,වසන්ත දුක්ගන්නා රා ල,ආදරයේ ඔබ මුතුලැල් වටී,ඔබෙ ආදරය,මුතුලැල්,ඔබගෙ ආදරය මට සැහෙන වටිනාකමක් සහිතයි
කවිකාරියේ,"උණුහුම විඳ විඳ සියො ලඟ දැනුනේ මායා
සත්තයි ලඳුනේ ආවේ සඳවත පායා
සරාගී නුවන් චායා හදේ දැල්විලා මා
ඔබයි මාගේ පෙම් වස්සානේ //

කවිකාරියේ (කවිකාරියේ)
මට හාදු දී (මට හාදු දී)
ඔබෙ දෑස මානේ හීන වස්සානේ
මායම් කථා (මායම් කථා)
මුළු රෑම වෑහී (මුළු රෑම වෑහී)
ඔබෙ කෝල දෑසේ පැටලි මා ඉන්නේ
අපෙ ආදරේ දැන් කවි පෙළක් වාගේ
අපෙ ආදරේ දැන් කවි පෙළක්

උණුහුම විඳ විඳ දෙතොලේ හැඟුමන් පාලා
දෑඟිලි දිව්වේ කොපුලේ රුඟුමක් දීලා
නුරාගී බැලුම් සේයා දසුන් මත් කළා මා
ඇවිත් නේද පෙම් වස්සානේ

කවිකාරිය.............................   ",භාතිය සන්තුෂ්,සම්පත් ප්‍රනාන්දුපුල්ලේ,ආවේ සඳවත පායා,සඳවත,සිනහව,ඔබ එනවිට මට සතුටක් දැනෙයි
පායා එන සඳවත මනරම්,"පායා එන සඳවත මනරම්
තනිකමත් බෝම සීතයි
වාවාගෙන මහමෙරක තරම්
උණුසුමකින් තුරුළු වෙමි
දිවිය පුරා ලඟ හිඳ...
මා හා සංසාරේ වෙළෙනා
පිනි බිඳක් සේම පායයි
උණුසුමකින් තුරුළු වෙමි
සසර පුරා ලඟ ඉඳිමි

නොහඩනා දිනක් නොතිබුනාද මන්දා
ඔබ පෙම් හසුනක ලියනා
පෙම් කවි කීවෙමි මුමුණා
මඟ බලා හිදී නම්
පායා එන සඳවතක තරම්
තනිකමත් බෝම සීතයි
වාවාගෙන මහමෙරක් තරම්
උණුසුමකින් තුරුළු වෙමි
දිවිය පුරා ලඟ හිඳ
මා හා සංසාරේ වෙළෙනා
පිනි බිඳක් සේම පායයි
උණුසුමකින් තුරුළු වෙමි
සසර පුරා ලඟ ඉඳිමි",භාතිය සන්තුෂ්,,පිනි බිඳක් සේම පායයි,ආදරවන්තිය,පිනි බිඳ,ඉතා ඉක්මනින් නැතිවී යයි
සරා සිහින රහසේ ,"සරා සිහින රහසේ දිවුරා කියා
සිතේ කඳුලු පහසේ මැව්නා සිනා
ඔහේ ඇවිද හා මා හද සිතුවිලි විල කලඹා
හැරදා මා ඔබ ගියදා උන් තැන තාමත් ‍රැඳිලා

සිත කඳුලැල්ලෙහි තවරා
කලුවර රසකර වින්දා
සඳ සෙවනැල්ලක් හැංගී
මගේ ඇස් තනිකර තෙමුනා
එසේ කඳුලු ගැලූ ඒ හීනේ
තවමත් ඔබයි ආදරේ

සරා සිහින රහසේ දිවුරා කියා.....

තනි අතකින් හඬ දෙදරා
හරි ආදරයක් හින්ඳා
යලි කවදාවත් නොවෙනා
මහ සාගරයක හැඬුවා
එසේ කඳුලු ගැලූ ඒ හීනේ
තවමත් ඔබයි ආදරේ

සරා සිහින රහසේ දිවුරා කියා.....",භාතිය සන්තුෂ්,,මහ සාගරයක හැඬුවා,දුක,සාගරය,මා ගොඩක් දුක් වී හැඩුවෙමි
මීදුමෙන් වැසී ," මීදුමෙන් වැසී කදුයාය සලිත වී
ඔය වාගෙ සීතලෙන් නලියාවි කිති කැවී
නීල නිම්නයේ රතු රෝස මල් පිපී
අපි වාගෙ ආදරෙන් හිනැහේවි ලං වෙවී

ලා හිරුගේ සෙවනේ විඩා නිවා
ඒ සුවයේ නැළවෙන්න නෙත් පියා

සේද නිල්ලේ මල් යායේ
ඇවිද යන්නයි හිත් මානේ
ඔබය මාගේ රජ දහනේ
කිරුල හිමි වූ මනමාලී

ඔබය හීනය සන්තානේ
වැතිර ඉන්නම් මේ හීනේ
සිහින විමනේ සිහිලැල්ලේ
ඉගිල යාදෙන් මැවු හීනේ

මුහුදු වෙරළේ රළ වාගේ
ඇවිත් කොදුරන් රන් ආලේ
හමන නළ සේ හැන්දෑවේ
තුරුළු වී ඉගිලෙමි ආයේ

මීදුමෙන් වැසී කදුයාය සලිත වී…",භාතිය සන්තුෂ්,,කිරුල හිමි වූ මනමාලී,කිරුල,වටිනකම,මාගෙ ජීවිතයෙ වැඩියෙන්ම ආදරය කරන වටිනාම පුද්ගලයා ඔබයී
රැස් විහිදෙන සමනලියකගෙන්,"
            රැස් විහිදෙන සමනලියකගෙන්
ඉගියක් ලැබුනාම
රැක ගන්නම් දුර අවකාශේ
ඉගිලී යන දාට
පාවී ගොස් උඩු යටිකුරු වී
නෙත් තෙමුනාම
දිරි දෙන්නම් මුළු හද පත්ලෙන්
මහමෙර සේම

සියැසින් දුටු සිහිනයකින්
රහසක් ගෙන එන්නම්
හැබැහින් විද ගන්න
රහසින් ගෑ මුදු සුවදින්
හුස්මක් පුරවන්නම්
ළමැදේ බිහි වෙන්න

සුසුමින් හුන්මිටි තබමින්
තනියෙන් ඉන්නවනම්
ඉන්නම් දුක ගන්න
ගලනා දා බිදු පිසිමින්
වත්සුනු තවරන්නම්
ඉරණම පෙරලන්න    ",භාතිය සන්තුෂ්,, රැස් විහිදෙන සමනලියකගෙන්,සමනලියක,කා න්තා ව,ඉතා ලස්සන කාන්තාවකගෙන්
රෑ පුරා ,"රෑ පුරා පායනා තාරුකා
පහන් සේ දිදුලනා දෑස පා මා දිහා
හිනැහුනා බල බලා ලංවෙලා ඔබ එදා

තරු නෙත් දෙකින් ඉගිකලා
මා හදට ලංවෙලා
ඔබ ආවා මා සොයලා
සීත රෑ ඒ ලෙසේ
කාටදැයි මල් සිනා මගෙ ලොවේ
හීනේ බිද දමා ඔබ ගියේ

හැගුමන් සිතින් පියඹලා
එනවා ඔබ සොයා
තනි වීලා පාළුවේ මා
අද ඔබේ යහනතේ
හීනයක් මෙන් සිතා තැවුනා මගෙ ලොවේ
හීනේ බිද දමා ඔබ ගියේ   ",භාතිය සන්තුෂ්,,පහන් සේ දිදුලනා දෑස පා,පහන්,දිදුලන ඇස්,මා දුටුවිට ඔබෙ ඇස් සතුටින් පිරුණි
නිලට නිලේ නිල් කැටේට,"නිලට නිලේ නිල් කැටේට කඩා හැලෙන ජල කඳකට
සීත සදන උල්පත ඔබය...
ඒ නිල් ජලකඳ මතුපිට අත්ලතබා හෙමි හෙමිහිට
තාල නඟන රළ පෙල ඔබය..
නොසිදෙන පෙම් උල්පත ඔබය...
බිඳෙනා පෙම් රළ පෙල ඔබය..

රතට රතේ පිපී වැනෙන නෙළාගන්න කියා කියන
පුදුම හිතෙන හිත් මල ඔබය...
ඒ හිත්මල සිඹ සනසන නටුමත කටු ඇති බව දැන
සුවඳ විදින බඹරිදු ඔබය...
පුදුම හිතෙන සිත්මල ඔබය..
සුවඳ විදින බඹරිදු ඔබය..

ගිරා නිලට පැසී දිලෙන නෙලා ගන්න කියා කියන
නුරා ගොයම් යායම ඔබය..
ඒ නව ගොයමේ කිමිදෙන ළය නියරේ නිති ඇවිදින
සරා සුවඳ මදනල ඔබය...
නුරා ගොයම් යායම ඔබය...
සරා සුවඳ මදනල ඔබය...

නිලට නිලේ නිල් කැටේට..",කසුන් කල්හාර සමග උරේෂා රවිහාරි,,සරා සුවඳ මදනල ඔබය,මදනල,ආදරවන්තිය,සුව පහසු සුවදවත් මදනල ඇයට සමා න කර ඇත
ඔබෙ සිත මා සිත,"ඔබෙ සිත මා සිත වෙන් කළ
සිතුවිලි සංගිලි පාලම
ඒ මේ අත වැනෙනා
චකිතය සිත තනනා

ඇඟ සමබර කර එන්නෙ කොහොමද
හමනා විට ආදරේ කුණාටුව
ඇඳගෙන වැටුනත් හිතට දුකක්නම් නෑ
ඔබගේ සෙනෙහස දිය සුළියේ සිරවී
මා මියදුනත් කමක් නෑ

කීරි ගැහෙන කන් අයා සිටින්නද
බිදෙනා විට පාළමේ රැහැන්පට
දෑස පියාගෙන මං පියවර මැන්නා
ඔබ මා අතැඟිළි හමුවූ විගසකිනා
අප සිත් වෙන් කළ පාලම බිඳුණා",කසුන් කල්හාර,,සිතුවිලි සංගිලි පාලම,සංගිලි පාලම,සිතුවිලි,සිතිවිලි වල වෙනස් වන ස්වභා වය
ඇසි පිය මානේ,"ඇසි පිය මානේ
දෙසමන් පීදේ
මේ දුර්ග මාවතේ
ඔබෙ ආදරේ දැනේ
සද අහසින් මිදී
ඉර නැවතී හිඳී
ලොව එලියෙන් පිරී
අපගේම ලෝකයේ
ඇසි පිය මානේ

ගංගාව බැස යාවි කී දේ නැති
මල් යාය රහසේම රොන් දේ නිති
නුඹ නෙතු මා සිත අමතා
මට කී කතා ප්‍රියේ සුරැකෙන්නැති
ඇසි පිය මානේ

පෙම් සීත වරුසාවේ නැහැවී යමු
ගුම් නාද බඹරුන්ගෙ විඳිමූ අපි
නුඹගෙන් මා ලොව දුටුවා
සංසාර ගීතයේ තරුවක් වෙමි",නදීක ජයවර්දන,,සංසාර ගීතයේ,ගීතය,සංසා රය,සංසාරයෙ රසවත් බව
කියන්න කියන්න,"කියන්න කියන්න
හද රැඳි දේ මා සමගේ
කියන්න කියන්න
ඇති සැම දේ රිසි සේ

හද පුරා ආදරේ
ඔබටයි ඉඩ හදවතේ
දිස්වෙයි මුතුවන් සිනා
දෙනුවන් යුග ළඟ මගේ
මන්මත් සිත පුරා
කැළඹෙයි වේදනා හැඟුම්
නොදැනී ඒ ඇසිල්ලේ
කියවෙයි ඔබෙ නම හොරෙන්

කියන්න කියන්න
හද රැඳි දේ මා සමගේ

නිදිවරා ජීවිතේ
මා ගෙතූ ගීතයේ
දැවටෙයි ඔබ කී වදන්
දෙසවන් යුග ළඟ මගේ
සුදුවන් පිටු පුරා
බිහිවෙයි ගී ඔබේ නමින්
නොසිතා ඒ පිටු කොනේ
ලියැවෙයී ඔබෙ නම හොරෙන්

කියන්න කියන්න
හද රැඳි දේ මා සමගේ
කියන්න කියන්න
ඇති සැම දේ රිසි සේ //",නදීක ජයවර්දන,,මුතුවන් සිනා,මුතු,සිනහව,ඇයගේ සිනහවේ සුන්දරත්වය
මේ අදුරු රාත්‍රියේ,"මේ අදුරු රාත්‍රියේ
අදුරේ බියෙන් තනිවී
හදම් …..සිතින් ….
සදක් ලෙසින් ඔබ ඒවිදෝ….

සිසිලක් නොමැති ගිම්හානේ
දහයෙන් පෙලෙන මොහොතේ
හදම්….සිතින්….
පවනක් ලෙසින් ඔබ ඒවිදෝ….

සෙවනක් නොමැති ජීවිතයේ
විද ගෙවෙන මොහොතේ
හදම්…සිතින්….
සෙවනක් වෙලා ඔබ ඒවිදෝ
මා ඔබ නැති ලෝකයේ
සැමදා සිතින් තනිවේ
හදම් සිතින්
ඔබ මා සොයා ඒවිදෝ",නදීක ජයවර්දන,,සදක් ලෙසින් ඔබ,සද,ඔබ/ ආදරවන්තිය,"සද, රා ත්‍රී අහසේ අදුර නැති කරන්න සේම ඔබ මගේ ජීවිතයට අලො කයක් ගෙන එනවා"
මේ ගී මා රුතේ,"මේ ගී මාරුතේ 
රැව් දෙයි ලෝකයේ
සත්‍යයේ අමතයි ජීවිතේ
වේදනා පාවෙලා
නිදහසේ මාවතේ
රෑ තරු වගේ යෞවනේ....

හඬනා තත්සරේ
ස්වරයයි මා ළයේ
ඉගිලී විශ්වයේ - සොයමී ඝනඳුරේ
වේදනා පාවෙලා
නිදහසේ මාවතේ - රෑ තරු වගේ යෞවනේ..

මා පතන ලෝකේ මේ සිහිනේ
බිඳී යන්නෙ නෑ රළ වාගේ
ළා හිරු වගේ දිලිසේ යළී
මා හදවතේ ආදරේ...

මේ ගී මාරුතේ 
රැව් දෙයි ලෝකයේ
සත්‍යයේ අමතයි ජීවිතේ
වේදනා පාවෙලා
නිදහසේ මාවතේ
රෑ තරු වගේ යෞවනේ...",නදීක ජයවර්දන,චරිත් සේනා දීර,"මා පතන ලෝ කේ මේ සිහිනේ
බිඳී යන්නෙ නෑ  රළ වාගේ",රළ,පතන ලෝ කය,මා  පතන ලෝකය නිබිදෙන එකකි
ලේ කඳුලින්,ලේ කඳුලින් දෙපා දොවා\n මුර ගෑ යාදිනි නෑසූ සවනින්\n නොයන් සුපෙම්වත අතැර දමා මා මරු කතරේ...\n හද මල් ගොමුවේ ප්‍රථම මලයි ඔබ නෙළුවේ...\n එමලේ පිවිතුරු සුවඳ පොදයි ඔබ ලැබුවේ...\n ආදර කඳුළට නිගා කරන්නට\n සැහැසි වුණේ කිම කියන් සුපෙම්වත...\n යෞවනයේ කඳු සිරස මතයි මා  සිටියේ...\n එහි මා කැඳවූ දිනෙක ඔබයි මා නැසුවේ...\n කවට කමින් ආළය ගරහන්නට...\n සැහැසි වුණේ කිම කියන් සුපෙම්වත,නන්දාමාලිනි,සුනිල් ආරියරත්න,හද මල් ගොමුවේ,මල් ගොමුවේ,හද,සුන්දර හදවත
මගේ සඳ ඔබ,මගේ සඳ ඔබ - මගේ සඳ ඔබ\n එදා සඳ නොව - මෙදා සඳ ඔබ\n මගේ සඳ ඔබ මගේ....\n එදා මට ඔබ සරා සඳ විය..\n කවි ඇසින් දුටු සොඳුරු පියකරු..\n අඳුරු හද ගැබ එකලු කරමින්..\n උදාවිය ගිරි ශිඛර සිරසේ...\n මගේ සඳ ඔබ...\n මෙදා මට ඔබ සැබෑ සඳමය..\n විදු ඇසින් දුටු ලොවය විසකුරු..\n ප්‍රාණයෙන් තොර වියලි සඳසේ..\n ඔබද අදමා අසල ගැවසේ...\n මගේ සඳ ඔබ,නන්දාමාලිනි,සුනිල් ආරියරත්න,මගේ සඳ ඔබ,මගේ සඳ,ඔබ,සොඳුරු පියකරු ඔබ හදවත ආලෝකමත් කරයි"
සංසාර සාගරේ,"සංසාර සාගරේ ජීවිතේ යාත්‍රාව\n ඔබ සොයා පදවන්නෙමී....\n ඔබ නිසා පදවන්නෙමී....\n සංසාර සාගරේ ජීවිතේ යාත්‍රාව\n ඔබ සොයා පදවන්නෙමී....\n ඔබ නිසා පදවන්නෙමී....\n ප්‍රදීපාගාරයක ආලෝක වළල්ලක් එවාලා\n ඔබ සිටින ගොඩබිමෙහි\n මං ළකුණු දන්වන්න\n නැංගුරම් ලන තැනට, පෙනෙන සේ ඔබ ඉන්න\n සංසාර සාගරේ ජීවිතේ යාත්‍රාව\n ඔබ සොයා පදවන්නෙමී....\n ඔබ නිසා පදවන්නෙමී....\n වෙරළ වෙත සැපත් මා\n දෝත පා පිළිගන්න සිනා සී\n දුර්ඝ වූ ගමන් මග විඩා ගිනි දුරලන්න\n යාත්‍රාව පදවන්න, මා සමග එක් වන්න\n සංසාර සාගරේ ජීවිතේ යාත්‍රාව\n ඔබ සොයා පදවන්නෙමී....\n ඔබ නිසා පදවන්නෙමී....\n සංසාර සාගරේ ජීවිතේ යාත්‍රාව\n ඔබ සොයා පදවන්නෙමී....\n ඔබ නිසා පදවන්නෙමී",නන්දාමාලිනි,සුනිල් ආරියරත්න,සංසාර සාගරේ,සාගරේ,සංසාර,කෙළවරක් නැති සසර
නීල නෙතු යුග,"නීල නෙතු යුග දිලෙන තරමට රහස මම දුටුවා 
කොල බැල්මෙන් මුවග සිනහව ආදරෙයි කිවා 
රෝස පාටින් දිලෙන දෙකොපුල හාදුවක් සෙව්වා 
කොහේ සිට දෝ පැමිණියේ නුබ මගේ සිත කීවා ",නදීක ගුරුගෙ,,දුහුල් සළුවෙන් වෙළුනු ඉඟසුඟ සිතුවමක් මැවුණා,සිතුවම,ශරීරය,ඇයගේ ශරීරය සිතුවමක් සේ අලංකා රය
දොර කවුළු,දොර කවුළු විවර කරන අරුණ උදයේ...සීතල සුලඟ ඔබේ සුවඳ රැගෙන හමාවා... නිදියහන දෙනෙත නිසළ කරන මොහොතේ... රෑ ඝන අඳුර ඔබේ සිහින මසිත සදාවා... හද පෑරී රුදුම් දිදී තෙමා වැටෙන විට සළුපිළි... විෂ හීසර පහර වැදී දවා නැගෙන විට සෝගිනි... සීත ගගුළක් වී මා දොවමින් ගලාවා... බියකරු දිවි සටන් බිමේ පිළිරැව් දෙනවිට රණගොස... තනිවී දිවි සොහොන් බිමේ මළපොත ගෙන පෙරළන විට... මාල ගිරවෙකු වී මා නිවමින් ගයාවා.,නන්දාමාලිනි,සුනිල් ආරියරත්න,දිවි සොහොන් බිමේ,සොහොන් බිම,දිවිය,පාලුවට ගිය ජීවිතය
ඔබයි රම්‍ය සඳ කිරණ,ඔබයි රම්ය සඳ කිරණ ඝණ අන්ධකාරේ ඔබයි සෞම්ය තරැ එළිය ගිම්හාන කාලේ ඔබයි රම්ය සඳ කිරණ ඝණ අන්ධකාරේ ඔබයි සෞම්ය තරැ එළිය ගිම්හාන කාලේ සදානන්ද කරවු ඔබේ මධුර රාවෙන් පිපී ආමි අරවින්දයක් සේ තඩාගේ ප්රේමය නම් කිමැයි ඔබ මට කියා දුන්නෙහිය දැන් මගේ පරමාර්ථය ඔබය මගේ පරමාදර්ශය ඔබය මගේ ඒකායන ප්රාර්ථනයද ඔබය ඔබයි රම්ය සඳ කිරණ ඝණ අන්ධකාරේ ඔබයි සෞම්ය තරැ එළිය ගිම්හාන කාලේ උදාවු සුපෙම් දම් නුසුන් වී රැඳේවා මගේ පුංචි ලොකේ තැවුල් දුක් නොවේවා ප්රේමයේ ද්වාරය ඔබ මට විවර කලෙහිය දැන් මගේ අතීතය ඔබය මගේ වර්තමානය ඔබය උත්තරීතර අනාගතයද ඔබය ඔබයි රම්ය සඳ කිරණ ඝණ අන්ධකාරේ ඔබයි සෞම්ය තරැ එළිය ගිම්හාන කාලේ\ඔබයි රම්ය සඳ කිරණ ඝණ අන්ධකාරේ ඔබයි සෞම්ය තරැ එළිය ගිම්හාන කාලේ,නන්දාමාලිනි,සුනිල් ආරියරත්න,ඔබයි සෞම්ය තරැ එළිය,තරැ එළිය,ඔබ,ඇයගේ සුන්දරත්වය සහ සෞම්ය සඳ එළියට සමාන කර ඇත
අයන්න කියන්න ලොවටම ඇහෙන්න,අයන්න කියන්න ලොවටම ඇහෙන්න එන්න මගේ මල්ලී දුවන්න පනින්න නටන්න ගයන්න එන්න මගේ නංගී  පාසල නම් රන් දෙවොලේ දෙවියන් වන් ගුරු කැළගේ සිත දිනමින් පා සෙවණේ ශිල්ප ලබා මතු දවසේ ලෝකය දකින්න එහි සැරිසරන්නඑන්න මගේ මල්ලී එන්න මගේ නංගී අයන්න කියන්න ලොවටම ඇහෙන්න එන්න මගේ මල්ලී දුවන්න පනින්න නටන්න ගයන්න එන්න මගේ නංගී කාසි පනම් හිටි හැටියේ සතුරෝ ගෙන යති රහසේ පොතින් පතින් ලද දැණුමේ ධනය සදාකල් සුරැකේ ඥානය වඩන්න කාලය ගෙවන්න එන්න මගේ මල්ලී එන්න මගේ නංගී අයන්න කියන්න ලොවටම ඇහෙන්න එන්න මගේ මල්ලී දුවන්න පනින්න නටන්න ගයන්න එන්න මගේ නංගී එන්න මගේ මල්ලී එන්න මගේ නංගී,නන්දාමාලිනි,සුනිල් ආරියරත්න,පාසල නම් රන් දෙවොලේ,රන් දෙවො ල,පා සල,පා සල වටින ස්ථා නයකි
ඔබේ ආදරේ,ඔබේ ආදරේ ශිලා ලිපියක් වගේ ඔබේ ආදරේ දෙවන පෑ තිස් රජ දවසේ ශිලා ලිපියක් වාගේ ‍ ශිලා ලිපියක් වගේ අවු වැසි වතුරින් පිඩිත වී බිඳී තැනින් තැන අකුරු මැකී කියවා ගන්නට බෑ වටහා ගන්නට බෑ කියවා ගන්නට බෑ වටහා ගන්නට බෑ මහ වන වදුලේ අසරණ වී සියවස් ගණනක් නටඹුන් වී ඉස්පිලි පාපිලි නෑ බෙදුණු වදන් වැකි නෑ ඉස්පිලි පාපිලි නෑ බෙදුණු වදන් වැකි නෑ,මර්වින් පෙරේරා ,සුනිල් ආරියරත්න,ඔබේ ආදරේ ශිලා  ලිපියක් වගේ,ශිලා  ලිපිය,ආදරය,ඔබගේ ආදරය තෙරුම්ගත නො හැ කි එකකි
ඔබ මලක් වෙලා,ඔබ මලක් වෙලා වන අරනේ පිපේවී මා සුළං රැලක් වී ඔබ පිස හමාවී පුර සඳක් වෙලා ඔබ අහසේ දිලේවී මා ගඟක් වෙලා සඳ එළියේ ගලාවී සුළඟ වෙසින් මා එන කල ඔබේ සුවඳ සෑහේ මට මල් මුව රද ඔබ සමඟයි මලේ සුවඳ මා අසලයි ගඟක් වෙලා මා යන කල ඔබේ එළිය සෑහේ මට පුර හද නිළඹර සමඟයි සඳේ එළිය මා අසලයි,සෝමතිලක ජයමහ,සුනිල් ආරියරත්න,ඔබ මලක්,මල,ඔබ,ආදරවන්තිය මලකට සමා න කර ඇත
නුග සෙවණක් සේ,නුග සෙවණක් සේ ඔබට සෙවණ සදන්නම් ළඳුනි මද පවනක් සේ ඔබට සිසිල සදන්නම් ළඳුනි ගංගාවකි මා සුනිමල් පවසට ඉන් පැන් ලබන්න ගංගාවකි මා සුනිමල් පවසට ඉන් පැන් ලබන්න මල් සුවඳකි මා වනකල් ඒ සුවඳින් සුවඳ වන්න සද පහනකි මා නිකැලැල් අඳුරට ඉන් එලිය ගන්න සද පහනකි මා නිකැලැල් අඳුරට ඉන් එලිය ගන්න ඔරුවක් වෙමි මම සැමකල් දිවිසයුරෙන් එතෙර වන්න,සෝමතිලක ජයමහ,සුනිල් ආරියරත්න,නුග සෙවණක් සේ ඔබට සෙවණ සදන්නම්,නුග ගස,ඇයට ලබා දෙන සෙවණ,ඇයට ලබා දෙන සෙවණ නුග ගසකට සමා න  කර ඇත
මං මුලා වී,මං මුලා වී පාර හොයාගෙන හසරක් අසමින් යන ගමනේ මං මුලා වූ සමනලියකගෙනි පාර අසා…… තිබුනේ ඇයත් නොදන්නිය ඇය යන මානය උන් හිටි තැන් මතකය අඩමානය පාර කියන්නේ කෙලෙසද මා හට ඇයටද පාරක් ඇති නැති ගානය අප හමු වූයේ මන්දැයි නොදනිමි පාර ඇසූවේ ඇයි දැයි නොකියමි අපේ ගමන අද නවතනු හැකි නම් අප යන ගමනද අද මෙතැනින් නිමි,ගුණදාස කපුගේ,සුනිල් ආරියරත්න,මුලා වූ සමනලියකගෙනි,සමනලිය,ඇය,එහෙ මෙහෙ පියා ඹන සමනලියකට ඇයව සමා න කර ඇත
දෙවොලේ නොකැළැල්,දෙවොලේ නොකැළැල් පිදු ආදර මල් සුවඳින් මනකල් පිබිදෙමි හැමකල් මලෙකින් මලකට ඇදෙමින් නොඉඳුල් නිගා දෙවයි පෙම් ලොවටම මිහිලුන් එක මලකින් පමණක් රොන් ගන්නම් අන් මල් මත නොතබා උණු කඳුළැල් පවසට ඵල නැත සයුරේ රළ වැල් දිය දෝතක් ගමි දොලකින් සිහිලැල් පීඩිත වී සිටිනා සඳ අඳුරේ ඔබ පමණයි ගෙන ආවේ හසරැල්,සුනිල් එදිරිසිංහ,සුනිල් ආරියරත්න,ආදර මල්,මල,ආදරය,ආදරය මලකට සමා න කර ඇත
දෙවැනි බුදුන් ලෙස,දෙවැනි බුදුන් ලෙස ලොවම උවම් කල ලොවක පිදුම් ලද ලොවට උතුම් ලඳ අම්මා අම්මාඅම්මා දෙසවන් සනහා මා නැලවූ ඔබ මියුරු මියැසියේ අරුත කියා දුනි ඒ මියැසිය අද මා ගයනා විට මා සිපගන්නට ඔබ මා ලඟ නැත අම්මා අම්මාඅම්මා ඇසට හඬන්නට කඳුලැලි දුන් ඔබ ලතැවුල් දරනා දිරිය ලබා දුනි ඒ දිරියෙන් ලොව ජය ලබනා විට මා සිපගන්නට ඔබ මා ලඟ නැත අම්මා අම්මාඅම්මා",සුනිල් එදිරිසිංහ,සුනිල් ආරියරත්න,දෙවැනි බුදුන්,බුදුන් වහන්සේ,අම්මා,අම්මා ගේ ගුණ බුදුන් වහන්සේගෙ ගුණ වැනිය
දෛවයෝගයකින්,දෛවයෝගයකින් නොවේදෝ හමුවුණේ අප හමු වුණේ දෛවයේ සරදම් ලබන්නට කිම මෙසේ අප හමුවුණේ ඇදුරුතුමියයි ප්‍රේමයේ ඔබ ඇදුරුතුමියයි යෞවනේ ශෝකයේ රුදු වේදනාවේ කඳුළු සයුරේ උල්පතයි නඳුන් උයනයි ස්නේහයේ ඔබ සඳුන් සිලිලයි ජීවිතේ සොම්නසේ ආනන්දයේ හසරැල් තරංගේ උල්පතයි,වික්ටර් රත්නායක,සුනිල් ආරියරත්න,කඳුළු සයුරේ,සයුර,කඳුළු,නිමවක් නැ ති කදුළු
බුද්ධානුභාවේන,බුද්ධානුභාවේන සිත් නෙත් පහන් වීමෙත් මල් පිපීලා මුදිතා ජලාසේ නංවා ප්‍රභා ලොව්තුරා රශ්මි මාලා හෙළ දෙරණ ජන ජයතු ජය මංගලානී තණ්හා උපාදාන පරිදේව වියැකී අඥාන අඳුරේ දැල්වී ප්‍රදීපේ හඬවා නුවන් දැල් මංගල්‍ය ප්‍රීතී හෙළ දෙරණ ජන ජයතු ජය මංගලානී භෘංගාවලී රාව ප්‍රතිරාව නංවා බන්දා ප්‍රශංසා ජය කේතු කේලී දසතින් ගලා ක්ෂීර පායාස ධාරා හෙළ දෙරණ ජන ජයතු ජය මංගලානී,නන්දා මාලනී,සුනිල් ආරියරත්න,මෙත් මල් පිපීලා මුදිතා ජලාසේ,මල් පිපුන  ජලා ශය,මුදිතා  ගුණය,මල් පිපුන  ජලා ශයක ඇති සුන්දරත්වය මුදිතා  ගුණයට සමා න කර ඇත
දුලීකා,සීත රෑ යාමේ අඳුරේ වාසනා නිල් දෑස පායා ආදරේ උණුසුම් සුසුම් වැල් මා හදේ රහසේ රැඳුනා දුලීකා… දුලීකා… දුලීකා… දුලීකා… මා බලා සිටියා දිවා රෑ කල්පනා යහනේ නෑ එවන් රුව තාම දුටුවේ නාඳුනන සිහිනේ මා ඔබේ හසරැල් ජලාශේ කිමිදෙනා මොහොතේ ඔබ සොයා එන්නම් ඉගිල්ලී තාරකා එළියේ,සනත් නන්දසිරි,සුනිල් ආරියරත්න,ඔබේ හසරැල් ජලාශේ,ජලා ශය,හසරැල්,ඇයගේ හසරැල් වල සුන්දරත්වය
හිරු හිනැහෙන,හිරු හිනැහෙන ඝණ නිල්වන් අහසේ පහනකි මා හිරු එලියෙහි නොදිලෙන පහන ඔබය ඔබමය මා පැතුමද හිරු නොව සැඩ කිරණින් මා වෙහෙසන සඳ දිදුලන පුර පෝදා අහසේ තරුවකි මා සඳ එලියෙහි නොදිලෙන තරුව ඔබය ඔබමය මා පැතුමද සඳ නොව කල එලියෙන් දුර බබලන උඩවැඩියා සුපිපෙන වන උයනේ කුසුමකි මා තණ බිම මත සැඟවුණ කුසුම ඔබය ඔබමය මා පැතුමද උඩවැඩියා මල නොව නෙත පිනවන,චන්ද්‍රලේඛා පෙරේරා,සුනිල් ආරියරත්න,පහනකි මා හිරු එලියෙහි නොදිලෙන,පහන,මම,තමන් වෙනස් සහ අද්විතීය කෙනෙක්
වාසනාවන්,වාසනාවන් වාසනාවන්…\n ඔබේ දිවි මඟ වාසනාවේ සුවහසක් මල් පිපේවා\n ඔබේ ලෝකය පැතුම් කුසුමන් පිපී සුවඳින් පිරේවා\n වාසනාවන් වාසනාවන්..\n අහිමි වේ නම් ඔබේ ලෝකය\n දුරස් වී මා හිඳින්නම්\n සිතින් සිපගෙන ඔබේ පා යුග\n සදා සැනසී හිඳින්නම්..\n ඔබෙන් හඳුනාගත් මිනිස්කම\n තුළින් මා ලොව දකින්නම්\n ඔබේ සෙනෙහස වුවද මා ලද\n වාසනාවකි සිතන්නම්.,නන්දා මාලිනි,කුලරත්න අරියවංස,පැතුම් කුසුමන්,කුසුම,පැතුම,සුන්දර ප්‍රාර්ථනාවන්
සංසාර සාගරේ,"සංසාර සාගරේ ජීවිතේ යාත්‍රාව\n ඔබ සොයා පදවන්නෙමී....\n ඔබ නිසා පදවන්නෙමී....\n සංසාර සාගරේ ජීවිතේ යාත්‍රාව\n ඔබ සොයා පදවන්නෙමී....\n ඔබ නිසා පදවන්නෙමී....\n ප්‍රදීපාගාරයක ආලෝක වළල්ලක් එවාලා\n ඔබ සිටින ගොඩබිමෙහි\n මං ළකුණු දන්වන්න\n නැංගුරම් ලන තැනට, පෙනෙන සේ ඔබ ඉන්න\n සංසාර සාගරේ ජීවිතේ යාත්‍රාව\n ඔබ සොයා පදවන්නෙමී....\n ඔබ නිසා පදවන්නෙමී....\n වෙරළ වෙත සැපත් මා\n දෝත පා පිළිගන්න සිනා සී\n දුර්ඝ වූ ගමන් මග විඩා ගිනි දුරලන්න\n යාත්‍රාව පදවන්න, මා සමග එක් වන්න\n සංසාර සාගරේ ජීවිතේ යාත්‍රාව\n ඔබ සොයා පදවන්නෙමී....\n ඔබ නිසා පදවන්නෙමී....\n සංසාර සාගරේ ජීවිතේ යාත්‍රාව\n ඔබ සොයා පදවන්නෙමී....\n ඔබ නිසා පදවන්නෙමී",නන්දා මාලිනි,සුනිල් ආරියරත්න,ජීවිතේ යාත්‍රාව,යාත්‍රාව,ජීවිතය,සසර පුරා ගමන් කරන ජීවිතය
දුර ඈත තුරු වදුලේ,දුර ඈත තුරු වදුලේ කටු අකුලේ/n පිපි නිදිකුම්බා මල් කැකුළ ඔබයි...\n මඳහස මුව මඬලේ නෙතු සඟලේ\n නිති තනි රකිනා පිනි කඳුළ මමයි...\n මුළු සසර පුරා සිසිලස තවරා\n දිවි ගිමන නිවන මඳ පවන ඔබයි…\n හද විමන අරා සෙනෙහස අතුරා\n එහි නිබඳ රඳන මල් සුවඳ මමයි…\n ඇස කඳුළු සලා හිස ගිනි අවුලා\n හිත නැඟෙන බිඳෙන දුක් සුසුම ඔබයි…\n නිති සිනා සලා දිවි ගෙවන තුරා\n ඔබ සිතන පතන පිළිසරණ මමයි,නන්දාමාලිනි,කැමිලස් පෙරේරා",පිනි කඳුළ මමයි,පිනි කඳුළ,මම,නෙත් දෙකේ තනි රකින්නේ කඳුල වගේ ඔබේ තනි රකින්නේ මම
මගේ සඳ ඔබ,මගේ සඳ ඔබ - මගේ සඳ ඔබ\n එදා සඳ නොව - මෙදා සඳ ඔබ\n මගේ සඳ ඔබ මගේ....\n එදා මට ඔබ සරා සඳ විය..\n කවි ඇසින් දුටු සොඳුරු පියකරු..\n අඳුරු හද ගැබ එකලු කරමින්..\n උදාවිය ගිරි ශිඛර සිරසේ...\n මගේ සඳ ඔබ...\n මෙදා මට ඔබ සැබෑ සඳමය..\n විදු ඇසින් දුටු ලොවය විසකුරු..\n ප්‍රාණයෙන් තොර වියලි සඳසේ..\n ඔබද අදමා අසල ගැවසේ...\n මගේ සඳ ඔබ,නන්දාමාලිනි,සුනිල් ආරියරත්න,මගේ සඳ ඔබ,සඳ,ඔබ,සොඳුරු පියකරු ඔබ හදවත ආලෝකමත් කරයි"
ලේ කඳුලින්,ලේ කඳුලින් දෙපා දොවා\n මුර ගෑ යාදිනි නෑසූ සවනින්\n නොයන් සුපෙම්වත අතැර දමා මා මරු කතරේ...\n හද මල් ගොමුවේ ප්‍රථම මලයි ඔබ නෙළුවේ...\n එමලේ පිවිතුරු සුවඳ පොදයි ඔබ ලැබුවේ...\n ආදර කඳුළට නිගා කරන්නට\n සැහැසි වුණේ කිම කියන් සුපෙම්වත...\n යෞවනයේ කඳු සිරස මතයි මා  සිටියේ...\n එහි මා කැඳවූ දිනෙක ඔබයි මා නැසුවේ...\n කවට කමින් ආළය ගරහන්නට...\n සැහැසි වුණේ කිම කියන් සුපෙම්වත,නන්දාමාලිනි,සුනිල් ආරියරත්න,හද මල් ගොමුවේ,මල් ගො මුව,හද,සුන්දර හදවත
අකුරු සතර කරන පුතුට,අකුරු සතර කරන පුතුට සඳ දෙවියෝ රැස් හෙළූහ.\n රෑ තනියට ලඟ ඉන්නට සිය තරු දරුවන් එවූහ.\n හිරු දෙවියෝ සුළඟ වෙසින් ආසිරි චාමර සැළූහ.\n අකුරු සතර දත් පුතු ලඟ ගණ දෙවියෝ මල් පිදූහ.\n මගෙ දියණිය මලකි බඹරු එ මල වටා ගී ගැයූහ.\n රොන් ගන්නට බැරිවූ තැන මගෙ මල ගැන පද හැදූහ.\n වම් පියයුර ගඩා ගසා බඹර නුවර ගිනි ලැවූහ.\n පත්තිනි දෙවියෝ ඇවිදින් දුවගෙ නමට මල් පිදූහ.\n සතුරු සෙනග දුටු මනතින් බියසුල්ලෝ පැන දිවූහ.\n බාරහාර වී තැන තැන රහසේ කටමැත දෙඩූහ.\n විරු දරුවෝ ගෙන අසිපත් රුපු සේනා පොලු ගැසූහ.\n කඳ දෙවියෝ රණබිම් වැද බල සෙනඟට මල් පිදූහ.,නන්දාමාලිනි,සුනිල් ආරියරත්න,මගෙ දියණිය මලකි,මල,මගේ දියණිය,සොඳුරු රුවැති මගේ දියණිය
නවාතැන්පොළ ඔබයි,නවාතැන්පොළ ඔබයි\n ඔබගේ සිනාවයි\n ජීවිතේ දිගු වන්දනා ගමනේ\n ජීවිතේ දිගු වන්දනා ගමනේ\n ආලයේ වන බිඟුන් බමනා\n ස්නේහයේ ජල තරඟ බිඳෙනා\n නිල්ල දිලෙනා නිම්නයේ\n ගරා ‍නොවැටෙන නවාතැන ඔබ\n නවාතැන්පොළ ඔබයි\n ඔබගේ සිනාවයි\n ජීවිතේ දිගු වන්දනා ගමනේ\n ජීවිතේ දිගු වන්දනා ගමනේ\n දයාවේ සඳ සිසිල ලබනා\n සාමයේ මඳ පවන රඳනා\n හිම මිදෙන මිටියාවතේ\n සදා උණුසුම් නවාතැන ඔබ\n නවාතැන්පොළ ඔබයි\n ඔබගේ සිනාවයි\n ජීවිතේ දිගු වන්දනා ගමනේ\n ජීවිතේ දිගු වන්දනා ගමනේ,නන්දාමාලිනි,සුනිල් ආරියරත්න,නවාතැන්පොළ ඔබ,නවාතැන්පොළ,ඔබ,නිදහස සැනසීම සතුට තියෙන්නෙ ඔබ ලඟ
සූර්යයා වී,සූර්යයා වී ඉන්ද්‍ර දිගින් ඔබ පායනවා...\n තාරපතී මා අවරගිරින් සැඟවී යනවා...\n මහබඹු නළලත කෙටුවේ ඔබ රුව...\n කිසි කල කිසි දින මට නොලැබෙන්නද...\n ලෝකය දෙකොනේ දෙතැනක තනිවී\n ලොවට හොරෙන් ඉකිබිඳ වැළපෙන්නද...\n උක්දඬු දුන්නේ මල්හීසර නොව...\n විෂ ලූ හීසර අප හද පාරයි...\n අප හමුනොවනා බව පැහැදිළි මුත්\n බලාපොරොත්තුව හදගැබ මෝරයි,නන්දාමාලිනි,සුනිල් ආරියරත්න,තාරපතී මා,තාරපතී,මම,මම සැමවිටම ඔබගෙන් දුරස්ව සිටියි
අම්මා සඳකි,අම්මා සඳකි මම ඒ ලොව හිරුය රිදී ඒ ඉර හදෙන් නුඹෙ ලෝකය එළිය වුනි රැකුමට පුතුන් දිවියේ දුක් ගැහැට විදී පිය සෙනෙහසට කව් ගී ලියැවුනා මදී සිරුරේ දුවන්නේ මගෙ ලේ නොවැ පුතුනේ කුසයේ නොදැරුවත් දිවි බර මට රැදුනේ මහ මෙරකට උසයි දරු පෙම හදපතුලේ පුදුමයි පුතුනි කිම මගෙ ලේ කිරි නොවුනේ මවකට මුවාවී නුඹවෙත දිවි දුන්නේ මම වෙමි පුතුනි එය මා පමණයි දන්නේ පියසෙනෙහස නැතිද දරුවනි හදුනන්නේ අම්මාවරුන් පමණද මතු බුදු වන්නේ ,ටී.එම්.ජයරත්න,"
මාලිනී ජයරත්න",අම්මා සඳකි,සඳ,අම්මා,අම්මා සඳක් මෙන් අපේ ජීවිත අලෝකමත් කරයි
පි‍න්න පිපුනු,පි‍න්න පිපුනු ලන්ද දිගේ ඉරට මුකුළු පාන මල්කැලේ අපි රංචු ගැහී යමු වගේ පුංචි සන්දියේ  බැද්ද පුරා දං වාරේ රංචු ගැහුනු දඟ කාලේ ඉස්කෝලෙන් කට්ටි පැන්න දා දම් පාට උනා වේවැල් පාරේ  කන්ද කපා හෙලූ වෙලේ බැද්ද ගියා පිට පාරේ යාළු මිතුරු කතා ගොළුවෙලා දැන් පාළු වෙලා ඒ ගම්මානේ,ටී.එම්.ජයරත්න,කුලරත්න ආරියවංශ,පි‍න්න පිපුනු ලන්ද දිගේ ඉරට මුකුළු පාන මල්කැලේ ,ඉර හා මල්,උදෑසන,ඉර උදාවත් සමග පිපෙන ලස්සන මල් උදෑසන මල් සහ වැටෙන පිනි බින්දු
හිරුට හොරෙන්,හිරුට හොරෙන් සඳුට හොරෙන් තරු මල් උයනේ ලොවට හොරෙන් සැදූ ලොවයි අපේ ආදරේ ඔබේ නුවන් තරු එළියෙන් ඒ ලෝකයේ සිරි නරඹන්නම් තවත් කුමටදෝ එළියක් මගේ ලෝකයේ ඔබේ වදන් අම සරයෙන් ඒ ලෝකයේ නද රැව් දේ නම් තවත් කුමටදෝ මිහිරක් අපේ ලෝකයේ,ටී.එම්.ජයරත්න,කුලරත්න ආරියවංශ,ඔබේ වදන් අම සරයෙන්,අම සරය,ඔබේ වදන්,ඇයගේ කටහඬ අම සරය මෙන් මිහිරිය
මල් වැහි සීතල,මල් වැහි සීතල මල් වැස්සේ මල් මදහාසය මං දැක්කේ මනමාලියක්ගේ සේලේ නිල් මීදුමක් ද පාවේ ආදරයකි මාගේ මදහාසයක් ද යාවේ නිල් නෙත්මිණි පහනේ රන් කාන්තිය පාවේ මද සීතල යාමේ කුමරිය ලඟ මා නේ මනමාලියක්ගේ සේලේ නිල් මීදුමක් ද පාවේ පෙම්වන්තයාගෙ දෑතේ පැටලී හිදින්නේ මා සීතලේ දැන් නැතිවේ උනුසුම විදිමී මා රණ හංස රාණි මාවේ ඔබ ප්‍රේම විලේ පාවේ පෙම්වන්තයාගෙ දෑතේ පැටලී හිදින්නේ මා,එච්.ආර්.ජෝතිපාල,ප්‍රේමකීර්ති ද අල්විස්,මනමාලියක්ගේ සේලේ නිල් මීදුමක්,නිල් මීදුමක්,මනමාලියක්ගේ සේලේ,මනමා ලියගේ සේලයේ අලන්කා රය
මිනිසකු පිට නැගී අසරුවෙකි,"මිනිසකු පිට නැගී අසරුවෙකි
ඒ බර ගෙයි වහලට බරකි
පාන්දරින් පැරදුන ඒ මිනිහා
හැන්දෑවෙත් අසු පිටට නගී....

හෙට මම ගෙදරට සුර සැප දෙනවා
අද රෑ ලුණුමිරිසෙන් ගතවෙනවා
කාසි මල්ල සතෙකුගේ පිට යනවා
දු දරුවන් පැදුරේ නිදියනවා....

ඉරණම විසදුම සතෙකුට දෙනවා
තිරිසනෙකුට මිනිසකු පරදිනවා
දරුවන් බිරිදත් ගිනි උහුලනවා
හීනෙන් නුබ තව ගෙවල් හදනවා",සුනිල් එදිරිසිංහ,ප්‍රේමකීර්ති ද අල්විස්,ඒ බර ගෙයි වහලට බරකි,ගෙයි වහල,ජීවන බර,යමෙකු සූදුවට පෙළඹීම නිසා සිදුවන ධන හානියේ ප්‍රතිඵලය නිවසේ ජීවන බරට දැනේ
රන් සමනලයෝ," රන් සමනලයෝ පුංචි කැකුලියෝ දේදුන්නේ නැඟිලා // මීදුම් සළුවේ, තුරු මල් උයනේ කොයි යන්නේ පියඹා රන් සමනලයෝ පුංචි කැකුලියෝ දේදුන්නේ නැඟිලා  පෙම්බර ආල හිතේ ගී නොවෙදෝ ගැයුවේ මොළකැටි බාල වියේ ඒ හුරතල් කොතැනේ මව් දෑතින් මිදුණාදෝ යෞවනයේ මත් වීදෝ  රන් සමනලයෝ පුංචි කැකුලියෝ දේදුන්නේ නැඟිලා //  ලද මනමාල හිතේ ආදරයේ සුවඳේ තව නොදිටීද ලොවේ ජීවිතයේ අරුමේ මල් යහනා පැතුවාදෝ ඒ යහනා හමුවේදෝ ",සුනිල් එදිරිසිංහ,ප්‍රේම කීර්ති ද අල්විස්, රන් සමනලයෝ පුංචි කැකුලියෝ දේදුන්නේ නැඟිලා, රන් සමනලයා,පුංචි දරුවන්,පුංචි දරුවන්  රන් සමනලයින් මෙන් ලස්සනයි අහිංසකයි
ඈ නුවන් තාරකා දල්වා,"ඈ නුවන් තාරකා දල්වා වෙන්වී ගියා නෑ ආදරේ ඈ සිතේ මා තරම් // ලංවී පෙමින්මං මත් කර ඈ හැඟම්පා වී ගියා මීදුම් කඳුළක් ලෙසින්නෑ  ආදරේ ඈ සිතේ මා තරම්
ඈ නුවන් තාරකා ..සුන් වූ හදින් පැතුමන් බොඳ වූ ලොවින් ආයේ දැනෙයි සුවඳක් සිරුරේ ඇගෙන් නෑ ආදරේ ඈ සිතේ මා තරම් ඈ නුවන් තාරකා ...........",ටී.එම්.ජයරත්න,ප්‍රේම කීර්ති ද අල්විස්,ඈ නුවන් තාරකා දල්වා ,තරු,ඇගේ ඇස්,ඇගේ ඇස් අහසේ පායන තාරකා මෙන් අලෝකමත් වේ
බිම්බරක්,බිම්බරක් සෙනග ගැවසුන චන්ද්‍ර සූර්යා ඉපදුන ස්වර්ණ භූමියේ මනරම් මාළිගාව කෝ යුද්දේකට ඇවිත් රුපුසෙන් සත් මුහුදුමතින් ගුවනින් කම්බි වට කලේ මනරම් මාළිගාවදෝ මාළිගාවදෝ ට්‍රැක්ටරේ යකඩ ගජසෙන් කුංචනාදයෙන් ඇලළුන වෘක්ශ දේවතාවන් බිම වැටී පණ ගසයි මිනී මල් පිපුන සීතල නිම්න භූමියේ ඇටකටු හතර රියන් කඩ අහිමිව විලාපය නගයි විලාපය නගයි කැළෑ මල්පිපී රතු තොල් වලින් කෑගසා ඉල්ලන ජාතියේ නිධානය රන් රුවන් කරඬු කොයි වෑකන්ද කඩා බිම්කටු කම්බියෙන් බෙදා මේ රණ බිමේ හිසගසා දමනා කඩුව බිම දමව් කඩුව බිම දමව්,ගුණදාස කපුගේ,රත්න ශ්‍රී විජේසිං,වෘක්ශ දේවතාවන්,දෙවියන්,වෘක්ශ,දෙවිවරුන් වැනි ගස්
චන්ද්‍ර මණ්ඩලේ,චන්ද්‍ර මණ්ඩලේ සැතපුණ පුංචි සාවියේ මන්ද කියාපන් නොකියා හැංගිලා ගියේ පාන නිවුන සේ පාළුයි ලැයින් කාමරේ මන්ද නුඹ ගියේ කියපන් පුංචි සාවියේ ලාභ රත්තරන් දිලිසෙන පාළු වීදියේ ගෑනු ළමයි පියාඹලා ඉස්සරත් ගියේ උන්ට සෙයිලමේ මඟතොට පාර වැරදුණේ අන්න ඒ නිසයි මට දුක රත්තරන් දුවේ මාල බැඳන් සුදු යකඩෙන් රෝස මල් වනේ මාල ගිරව් ගේ දොරකඩ සිංදු කිව් වෙලේ හීනෙනුත් හිතුනෙ නෑ මට මොකද කාරණේ පාර මතකනම් තාමත් ගේ ලඟයි දුවේ,සුනිල් එදිරිසිංහ,රත්න ශ්‍රී විජේසිං,පා න නිවුන සේ පා ළුයි,නිවුනු පහන,පා ළුව,දැ ල්වෙන පහනක් නිවා  දැ මූ පසු ඇතිවෙන අදුර සහ තනිකම පා ළුවට සමා න  කර ඇත
ආලයේ ගා ථා,ආලයේ ගාථා සජ්ජායනා කලා ආලයේ මන්ත්‍ර සිය වරක් ජප කලා චණ්ඩාල වශී බන්ධනයෙන් හද බැඳ තබා සාධු තර ස්වප්නය ට නිගා දී ඔබ ගියා ස්නේහයේ චුම්බනය නලල මත වගුරුවා ආලිංගනය සුරස මතක පොත පුරව්වා ප්‍රේම ආරාමයේ කැනි මඩළ බිම හෙලා සාර තර වසන්තය නිමා කර ඔබ ගියා සුපුෂ්පිත හදවතේ සුගන්ධය විහිදුවා සුරක්ෂිත දොරටුවේ සෙබළ මුළු විසුරුවා ප්‍රේමයේඅභය භුමියේ දි මා නසා මධුර මධු කුසලාන කඩා බිඳ ඔබ ගියා",කසුන් කල්හා ර,සුනිල් ආරියරත්න,ප්‍රේමයේ අභය භුමියේ,අභය භුමිය,ප්‍රේමය,ප්‍රේමය යනු අභය භූමියක් බදු සුන්දර දෙයකි
සිතින් මා නොසැලී,සිතින් මා නොසැලී සිටිද්දී කඳුල නුඹ ‍ඇවිදින්... නිවා දැමුවේ නෙතේ පීඩා නොබිදිනූ මැනවී  තනිව මා හඩනා වෙලාවේ සැලි සැලී සිහිනේ.. වැටුනු මහ වරුසා මතක්වී නුඹ රැදී දෑසේ..  සිතින් මා නොසැලී...  තවම මා නොදුටූ සිනා කැන් හමුනොවූ යාමේ කදුල මට කරුණා කරන්නැයි අයැදිමී නිබදේ...  සිතින් මා නොසැලී...,ටී.එම්.ජයරත්න,ප්‍රේම කීර්ති ද අල්විස්,වැටුනු මහ වරුසා මතක්වී නුඹ රැදී දෑසේ,වැස්ස,කඳුල,මහ වරුසාවක් මෙන් කඳුලු ගලනවා
ආදර ගඟුලෙහි,ආදර ගඟුලෙහි ඉවුරෙ රැඳී සහන පවන් සැලූ මා ළඟ ඔබ සිටිනා විටදී ලොවම දැකුම්කලු මල් වැල් වන විල් පිරී ගියේ සෙවණ දෙවන්නලු බිඟු නඳ විහඟුන් ඉගිල්ලුනේ මිහිරෙ රැඳෙන්නලු පුන් සඳ නැගුනෙත් අහස් තලේ අපට බලන්නලු දෙනෙතට කඳුලැලි තුරුල් කලේ පෙමට අඬන්නලු පෙමට අඬන්නලු මී වද මී පැණි පිරී ගියේ දෙතොලෙ රඳන්නලු දේදුනු ඕවිලි මැවී ගියේ ලොවම පිනන්නලු මේ ලොව මා ඉපදුනේ ප්‍රියේ ඔබව ලබන්නලු ඒ හැර ලැබුණත් පලක් නැතේ ඉසුරු මැණික් මලු ඉසුරු මැණික් මලු,වික්ටර් රත්නායක,ප්‍රේම කීර්ති ද අල්විස්,ආදර ගඟුලෙහි,ගඟුල,ආදරය,ගඟක ඇති නිදහස් බව ආදරයට සමා න කර ඇත
අඳුර බිඳින්නට,අඳුර බිඳින්නට රැයක් දවාලු ලන්තෑරුම් නිවලා තිමිරයෙ තිරකඩ අරුණෙහි බිඳහැර හිරු තව දවසක් ගෙනැවිල්ලා මතකය නම් වූ මළපොත පෙරලා මළගිය ඊයේ සිහිපත් කළ මැන පැතූ පැතුම් අත් මිට මොලවාගත් දෑතෙහි දසැඟිලි දිගහැරලනු මැන එහි මොනවද ඇත්තේ කිසිත් නැත හිස් බවෙකිය ඇත්තේ සමුදුර ගිරිහෙල් දෙරණ තලා මැද යෞවන විය පියවර තබනා සඳ හිස්වන හදවිත සපුරා ලන්නට මියැසි විරාමය යළි පැමිණි ඇත අරුමෙකි පැවසෙන්නේ එපමණයි පිළිසරණය වන්නේ,වික්ටර් රත්නායක,ප්‍රේම කීර්ති ද අල්විස්,මතකය නම් වූ මළපොත,මළපොත,මතකය,අතීතය යනු මිය ගිය දෙයකි
ආදරයේ උල්පත වූ,ආදරයේ උල්පත වූ අම්මා මා ඔබගේ පුතු වූ…‍ ඔබ මතු බුදුවන දවසේ මා රාහුල කුමරුන් සේ සෙවන පතා අද මෙන් පැමිණෙන්නෙමි සුළැගිල්ලේ එල්ලී සඳ දිය කොට කිරිවතුරෙන් ඒ දියරෙන් මුව දෝවා දිව මතුරක්වන් නැලැවිලි ගීයෙන් මතකයි මා නැලැවූවා ජීවිතයෙන් ජීවිතයක් ගෙන දී ඒ ජීවිතයට කිරි දී පණ දී මා දැඩි කල අම්මා තුරුලට ගෙන අත් පා හැඩ ගස්වා නිදි ගන්වා යහන් ගැබේ සිහිනෙන් ගෑ සුවඳක් මෙන් සිහිවෙයි ඒ කිරි සුවඳ ඔබේ දවසින් දවසට සෙනෙහස ලබැදී ගෙන දී දිවියට නව පන ලැබදී මා දැඩි කල අම්මා",වික්ටර් රත්නායක,ප්‍රේම කීර්ති ද අල්විස්,ආදරයේ උල්පත වූ අම්මා,ආදරයේ උල්පත,අම්මා,අම්මගෙ නො සිදෙන ආදරය
පබසර රන්,පබසර රන් පබළු මිණිමුතු කැන් ඔපලූ රජ කිරුළු අගය නැතේ ඔබෙ හද මල් උයනේ නැළවෙන මල් පවනේ දිළිඳු පැලේ එළිය ඇතේ ගඟ බැස එයි සයුර බලා හිරු හිනැහේ නෙළුම නෙලා නෙත සිත හා එකතු වෙලා ඔබ දැකුමෙන් උමතු වෙලා කළුවර රෑ රළු අහසේ තරුවැල හා අඩ සඳ සේ නොපිරුණු මේ සිතට මගේ ඔබ ගෙන එයි සතුට අගේ,මර්වින් පෙරේරා ,ප්‍රේමකීර්ති ද අල්විස්,ඔබෙ හද මල් උයනේ,මල් උයන,හද,"හදවත, මල් උයනක සුන්දරත්වයට සමා න කර ඇත"
මියුරු කල්පනා,මියුරු කල්පනා නෙතක දැල් වුනා අමයුරු රස හසකැන් මැද සිතත් හිනැහුනා වරෙක නැලැවුනා වරෙක ලතැවුනා නුපුරුදු ගිණි දහසක් මැද සිතක් මැලැවුනා මියුරු කල්පනා හිමගිර මට වැලි අහුරකි මහ සමුදුර දිය රැල්ලකි කටු අකුලෙන් මල් පුබුදමි ඔබ සැනසේ නම් පිණි බිඳකින් මුතු අමුණමි දිනිසුරුගෙන් සීතල දෙමි කඩුතුඩු මත සැතපෙන්නෙමි ඔබ සැනසේ නම්,වික්ටර් රත්නායක,ප්‍රේමකීර්ති ද අල්විස්,මහ සමුදුර දිය රැල්ලකි,දිය රැල්ල,මහ සමුදුර,ඔබ වෙනුවෙන් ඕනෑ ම දෙයක් කැ ප කල හැකි බව
දෙදෙනා පෙරදා,දෙදෙනා පෙරදා හමුවී නොදොඩා නොබලා වෙන් වූ තැන් කරා ආයෙමත් පැමිණිලා දෙදෙනා දිගු කාලයක් ගෙවී ගියේ එක මොහොතක් ලෙසින්නේ ළඳේ ඒ මොහොත දැන් දිගු කාලයක් ලෙස ආයෙත් ගෙනල්ලා තියේ අද මේ කියූ දේ ඊයේ වුණා නම් අද ඊයේ වේවී ළඳේ ඔබ ආදරෙන් සිනාසුනත් අද අලුතින් උපන් මේ ලොවේ විස ගෑවුනත් මධු පානයක් ලෙස ඈ මා ළඟින් මිහිරියේ අසනු සමා වී ආයේ පමාවී කිසිදාක නොයෙනූ ළඳේ,මර්වින් පෙරේරා ,ප්‍රේමකීර්ති ද අල්විස්,මධු පානයක් ලෙස ඈ,මධු පා නය,ඇය,ඇය මධු පා නයක් බදුය
අවසර නැත මට,අවසර නැත මට ඔබෙ අත ගන්නට බැමි බැඳ ඇත ලොව සතර දෙසේ එනමුදු උපදින හැම භවයකදිම මතු ඔබ හිමිකර ගනිමි ලඳේ බමරෙකු වන්නට නොහැකිව ලතවන මා අභියස ඔබ නෙළුම නොවේ උල්පත වන්නට නොහැකිව ලතවන මා අභියස ඔබ සයුර නොවේ ඔහු රිදවන්නට ඔහු හඬවන්නට බැරිකම මිස ඔබෙ සිහින ලොවේ ඔබ කැඳවන්නට ඔබ සතපන්නට මා හද තුල ඉඩ නැතිව නොවේ,මිල්ටන් මල්ලවරාච්චි,ප්‍රේමකීර්ති ද අල්විස්,ඔබ නෙළුම,නෙළුම,ඇය,ඇයගෙ සුන්දරත්වය නෙළුම් මලකට සමා න කර ඇත
ආදරණීය වස්සානේ,හීනයකි මට ආදරේ.. හැගෙනවා මට ජීවිතේ..\nහීනයට ළඟ ජිවිතේ...හැගෙනවා ඔබේ ආදරේ...\nවැටෙනකොට කඳුළු ඇවිලිලා..සුවඳ මල් පෙති පරවෙලා....\nසුවඳ මල් පෙති පරවෙලා...වස්සාන සිහිනේ ඇවිලිලා...\nසුසුමේ තවරා සැඟවු සිහිනේ...සුසුමේ තවරා සැඟවු සිහිනේ...\nආ... ආ... ආ... ආදරණීය වස්සානේ.,කසුන් කල්හාර,උපුල් ශාන්ත සන්නස්ගල,හීනයකි මට ආදරේ,හීනය,ආදරය,සිහිනයක් ලෙස දැනෙන ආදරය
අප්පච්චී,සියක් උල්පත් මවා දී නිසලවම හිඳිනා\nනමක් නැති මහ කන්ද ඔබ අප්පච්චී අප්පච්චී\nඔබෙන් දිය ලැබ සාර වූ තුරුණු කෙත්වතු දෙස බලා\nනොපෙනෙනා තරමින් සිනාසී නිසලවම හිඳිනා අප්පච්චී අප්පච්චී\nමෙහෙවරට ආවැයි සිතා වෙහෙස නොබලා වෙහෙසෙනා\nතෙත් ගුණය මෙත් ගුණය සඟවා අකම්පිත වත පා\nඅප්පච්චී අප්පච්චී\nසියක් උල්පත් මවා දී නිසලවම හිඳිනා \nනමක් නැති මහ කන්ද ඔබ අප්පච්චී අප්පච්චී,කසුන් කල්හාර,,මහ කන්ද ඔබ අප්පච්චී,මහ කන්ද,අප්පච්චී,මහා කන්දක් තරමට ගුණ ඇති අප්පච්චි
ඇරඹුමම කඳුලක් වෙලා",ඇරඹුමම කඳුලක් වෙලා මා බලා ඉද්දී ඒ දිහා\nආ දුරත් දුර වැඩි නිසා අවසානයට පෙර ඈ ගියා..\nඇරඹුමම කඳුලක් වෙලා මා බලා ඉද්දී ඒ දිහා\nආ දුරත් දුර වැඩි නිසා අවසානයට පෙර ඈ ගියා..\nදුක්බරම කවියක් ලියා එහි පද පෙළක් අඩුවෙන් තියා..\nදුක්බරම කවියක් ලියා එහි පද පෙළක් අඩුවෙන් තියා..\nඅරුත පසිඳින්නට කියා අවසානයට පෙර ඈ ගියා..\nශෝකාන්තය එන තුරා එහි රැඳෙන්නට සිත් නැති නියා..//\nඅනන්තය ළඟ මා දමා අවසානයට පෙර ඈ ගියා...\nඇරඹුමම කඳුලක් වෙලා මා බලා ඉද්දී ඒ දිහා\nආ දුරත් දුර වැඩි නිසා අවසානයට පෙර ඈ ගියා..\nඇරඹුමම කඳුලක් වෙලා මා බලා ඉද්දී ඒ දිහා\nආ දුරත් දුර වැඩි නිසා අවසානයට පෙර ඈ ගියා",කසුන් කල්හාර,දිලීප අබේසේකර,ඇරඹුමම කඳුලක්,කඳුල,ඇරඹුම,ආරම්භය කඳුලක් මෙන් දුක්බර වේ
ආදරේ සිතුම්,ආදරේ සිතුම් දිලුනා මතකයි පැහැසරින් ඔබේ හද දැවුනා\nගීයකින් කෙසේ මා සිතුම් කියම්දෝ ලදේ\nබොඳ වෙනා සිහිනයක දැවටෙනා පවස මගේ ඔබ නිසා\nනොනිමේ ලදුනේ...\nආදර වදන් කියූ කාලේ යලි එන්නේ නෑ\nආදරේ සුවඳ දැන් මගේ හදින් යන්නේ\nමගේ හදින් යන්නේ\nමා හදින් දැලුවු හැම පහන් සිල ඔබමයි\nදැවි දැවි එලිය දෙන් ජීවිතේ ගීයකින් කෙසේ මා සිතුම්\n කියම්දෝ ලදේ.\nබොඳ වෙනා සිහිනයක දැවටෙනා පවස මගේ ඔබ නිසා\nනොනිමේ ලදුනේ...\nආදර වදන් කියූ කාලේ යලි එන්නේ නෑ\nආදරේ සුවඳ දැන් මගේ හදින් යන්නෙ නෑ\nමගේ හදින් යන්නෙ නෑ\nපවස මගේ ඔබ නිසා නොනිමේ ලදුනේ...\nආදර වදන් කියූ කාලේ යලි එන්නේ නෑ\nආදරේ සුවඳ දැන් මගේ හදින් යන්නෙ නෑ.\nමගේ හදින් යන්නෙ නෑ,කසුන් කල්හාර,,පහන් සිල ඔබමයි,පහන් සිල,ඔබ,පහන් සිලක් ලෙස ජීවිතය ආලෝකමත් කල ඔබ
අකුරු සතර කරන පුතුට,අකුරු සතර කරන පුතුට සඳ දෙවියෝ රැස් හෙළූහ.\n රෑ තනියට ලඟ ඉන්නට සිය තරු දරුවන් එවූහ.\n හිරු දෙවියෝ සුළඟ වෙසින් ආසිරි චාමර සැළූහ.\n අකුරු සතර දත් පුතු ලඟ ගණ දෙවියෝ මල් පිදූහ.\n මගෙ දියණිය මලකි බඹරු එ මල වටා ගී ගැයූහ.\n රොන් ගන්නට බැරිවූ තැන මගෙ මල ගැන පද හැදූහ.\n වම් පියයුර ගඩා ගසා බඹර නුවර ගිනි ලැවූහ.\n පත්තිනි දෙවියෝ ඇවිදින් දුවගෙ නමට මල් පිදූහ.\n සතුරු සෙනග දුටු මනතින් බියසුල්ලෝ පැන දිවූහ.\n බාරහාර වී තැන තැන රහසේ කටමැත දෙඩූහ.\n විරු දරුවෝ ගෙන අසිපත් රුපු සේනා පොලු ගැසූහ.\n කඳ දෙවියෝ රණබිම් වැද බල සෙනඟට මල් පිදූහ.,නන්දාමාලිනි,සුනිල් ආරියරත්න,මගෙ දියණිය මලකි,මල,මගේ දියණිය,සොඳුරු රුවැති මගේ දියණිය
ලේ කඳුලින්,ලේ කඳුලින් දෙපා දොවා\n මුර ගෑ යාදිනි නෑසූ සවනින්\n නොයන් සුපෙම්වත අතැර දමා මා මරු කතරේ...\n හද මල් ගොමුවේ ප්‍රථම මලයි ඔබ නෙළුවේ...\n එමලේ පිවිතුරු සුවඳ පොදයි ඔබ ලැබුවේ...\n ආදර කඳුළට නිගා කරන්නට\n සැහැසි වුණේ කිම කියන් සුපෙම්වත...\n යෞවනයේ කඳු සිරස මතයි මා  සිටියේ...\n එහි මා කැඳවූ දිනෙක ඔබයි මා නැසුවේ...\n කවට කමින් ආළය ගරහන්නට...\n සැහැසි වුණේ කිම කියන් සුපෙම්වත,නන්දාමාලිනි,සුනිල් ආරියරත්න,හද මල් ගොමුවේ,මල් ගොමුවේ,හද,සුන්දර හදවත
මගේ සඳ ඔබ,මගේ සඳ ඔබ - මගේ සඳ ඔබ\n එදා සඳ නොව - මෙදා සඳ ඔබ\n මගේ සඳ ඔබ මගේ....\n එදා මට ඔබ සරා සඳ විය..\n කවි ඇසින් දුටු සොඳුරු පියකරු..\n අඳුරු හද ගැබ එකලු කරමින්..\n උදාවිය ගිරි ශිඛර සිරසේ...\n මගේ සඳ ඔබ...\n මෙදා මට ඔබ සැබෑ සඳමය..\n විදු ඇසින් දුටු ලොවය විසකුරු..\n ප්‍රාණයෙන් තොර වියලි සඳසේ..\n ඔබද අදමා අසල ගැවසේ...\n මගේ සඳ ඔබ,නන්දාමාලිනි,සුනිල් ආරියරත්න,මගේ සඳ ඔබ,මගේ සඳ,ඔබ,සොඳුරු පියකරු ඔබ හදවත ආලෝකමත් කරයි"
සංසාර සාගරේ,"සංසාර සාගරේ ජීවිතේ යාත්‍රාව\n ඔබ සොයා පදවන්නෙමී....\n ඔබ නිසා පදවන්නෙමී....\n සංසාර සාගරේ ජීවිතේ යාත්‍රාව\n ඔබ සොයා පදවන්නෙමී....\n ඔබ නිසා පදවන්නෙමී....\n ප්‍රදීපාගාරයක ආලෝක වළල්ලක් එවාලා\n ඔබ සිටින ගොඩබිමෙහි\n මං ළකුණු දන්වන්න\n නැංගුරම් ලන තැනට, පෙනෙන සේ ඔබ ඉන්න\n සංසාර සාගරේ ජීවිතේ යාත්‍රාව\n ඔබ සොයා පදවන්නෙමී....\n ඔබ නිසා පදවන්නෙමී....\n වෙරළ වෙත සැපත් මා\n දෝත පා පිළිගන්න සිනා සී\n දුර්ඝ වූ ගමන් මග විඩා ගිනි දුරලන්න\n යාත්‍රාව පදවන්න, මා සමග එක් වන්න\n සංසාර සාගරේ ජීවිතේ යාත්‍රාව\n ඔබ සොයා පදවන්නෙමී....\n ඔබ නිසා පදවන්නෙමී....\n සංසාර සාගරේ ජීවිතේ යාත්‍රාව\n ඔබ සොයා පදවන්නෙමී....\n ඔබ නිසා පදවන්නෙමී",නන්දාමාලිනි,සුනිල් ආරියරත්න,සංසාර සාගරේ,සාගරේ,සංසාර,කෙළවරක් නැති සසර
දියළුම දිය ඇලි,දියළුම දිය ඇලි දිය රැල හා ගල ගල යයි සමුදුර සොයලා හද උපදී ආදරේ සැනසුම් තෙර සොයලා අද නැති දේ හෙට මා සොයයි හෙට හමු වී යළි ඈ සොයයි ඔබ හමුවේ හද ගී ගයයි ඔබ ඒ ගීතයෙ රාවයයි සසර පුරා ඇසු ගීතයේ රසයේ කිමිදී පැතුසේ සඳවත කුමටද ඔබ නැතිදා හිරු නැග පල නැත ඔබ නැතිදා සඳ හිරු හා ආදරේ මොකටද ඔබ නැති දා පියබර සිතුවිලි මතු අමුණයි සවණට සැනසිලි හඬ මුමුණයි කැළඹෙන මේ ලෝකයේ සහනය ඔබ පමණයි,මර්වින් පෙරේරා ,ප්‍රේමකීර්ති ද අල්විස්,සහනය ඔබ,ඔබ ,සහනය ඔබ,හිතේ සහනය
හිරු ඉපදෙන විට,හිරු ඉපදෙන විට නෙළුම් පිපෙන ලෙස මට ඔබ විශ්වාසයි බැස යන ගඟ සමුදුරට ඇදෙන ලෙස මට ඔබ විශ්වාසයි දෙදෙනා බැඳි පෙම දෙදෙනා සුරකින බව මට විශ්වාසයි අවිහිංසක ඔබ මට හිංසාවක් නොකරනු විශ්වාසයි අතැඟිලි පටලා බැඳ ගත් අත් වැල නොබිඳිනු විශ්වාසයි සඳකඩපහණක් ලෙස මා පා යුග සිප ගනු විශ්වාසයි අපමණ බාධා ආවත් ඔබ මට ගැති බව විශ්වාසයි කාට අකීකරු වූවත් මට කීකරු වනු විශ්වාසයි මා හරි දිළිඳුයි පොහොසත් නොම වෙයි ඒකත් විශ්වාසයි රජ ඉසුරට ඔබ ලොභ වී මා හැර යයි ද අවිශ්වාසයි,අනිල් භාරතී,ප්‍රේමකීර්ති ද අල්විස්,සඳකඩපහණක් ලෙස මා පා යුග,සඳකඩපහණ, පා  යුග,සදකඩපහණට පා ද යුගල සමා න කර ඇත
හිමිනේ සැරේ පා නගනා,හිමින් සැරේ පා නගනා දුවේ හර්ෂනී සිනා සිසී ඳඟ කරනා දුවේ හර්ෂනී දුවේ හර්ෂනී ජීවිතයේ මාලිගාව සතුට පුරා දී මනාව වාසනාව මට ගෙනාව කැකුළු සුවඳ කිරි සිනාව මල් සුවඳයි පින් සුවඳයි රෝස මලක පාට ගෑව ආකාසේ හැන්දැවක ඈත ඇදෙන කුරුළු රෑන ගයන ගීත ඉල්ලාගෙන මුමුනන්නම් නළවන්නම්,මිල්ටන් මල්ලවරාච්චි,ප්‍රේමකීර්ති ද අල්විස්,රෝස මලක පාට ගෑව ආකාසේ හැන්දැවක,රෝස මල,හැන්දැ  අහස,හැන්දැ  අහසේ ලස්සන
හෙට දවසේ,හෙට දවසේ අප දෙදෙනා අද වාගෙම හමුවිය යුතුවේ අද දවසේ මවෙත ගෙනා මිහිර හෙටත් ගෙන ආ යුතු වේ කිසි වෙනසක් නැති එකම දෙයක් ඇත එය මා හද රැදි ආදරයි මගෙ ජීවිතයම නෞකාවක් නම් එය ඔබ පැදයන සාගරයයි අද සුපිපෙන මල හෙට නොපිපේවී ලෝකය දිවයයි වෙනස් වෙලා එලෙස වෙනස්‍වන ලොවෙහි අළුත්වන් ආදරයම මම ඉදිමි බලා,ප්‍රියා සූරියසේන,ප්‍රේමකීර්ති ද අල්විස්,එය ඔබ පැදයන සාගරයයි,සාගරය,ඔබ,ඔහුගේ ජීවිතය රදා  පවතින්නේ ඇය මත බව
එකම මගක,එකම මගක පියවර මැන යන්නයි එකම බිමක සෙවනැළි පැටලෙන්නයි සෙනේ දියෙන් මීවිත පිරවෙන්නයි මගේ පැතුම ඔබ මට හිමිවෙන්නයි වැලේ පිපුණු මල නොවේ වැලට බර බිඟුන් සරාවී බැලුම් හෙලා හිතේ රැඳුණු පෙම් නොම දෙන් රටකට මගේ ලොවින් පිට නොයන් පලා මගේ ලොවට සඳ ඔබේ සිඟිති මුව අගින් එබේවී හැඟුම් මවා ඔබේ පිනට මතු මගේ ගෙපැල ළඟ කුසුම් පිපේවා පවන් සලා,පුන්සිරි සොයිසා ,ප්‍රේමකීර්ති ද අල්විස්,සෙනේ දියෙන් මීවිත පිරවෙන්නයි,දිය,සෙනෙහස,සෙනෙහස නැමැති දිය
එක යායේ කකා,එක යායේ කකා වැටී එකා වගේ එකට ඉදී එක පවුලේ උපන් ලෙසේ කල ආරක්ෂා නාස් ලනුව දමනවාලු කරත්තයක බදිනවාලු අපට හිටිය ලපටි කැකුළු නාඹර වස්සා ගෙට ආකල ටිකිරි ලියා නුඹ වේවිලු කබරගොයා ලිදට ගියත් අවසරයක් ගන්නට වේවී දල ගලවා අතේ තියා නුඹ නටවයි ඒ ළමයා පනවාලා දරුණ දණ්ඩ බන්ධන නීති වලට වැටුනු එකායකා වලටම ඇදගනු මිසකා වලෙන් උඩ ට එන්නට අත දෙන්නට කැමති නෑදෑහිතවතෙක් නැති ඒගැන හිතුවොත් යෙහෙකි කසාදෙ නම් කසාය හරි තිත්ත බෙහෙතකි,සුනිල්,ප්‍රේමකීර්ති ද අල්විස්,කසාදෙ නම් කසාය,කසා ය,කසා දය  ,ජීවිතේ කටුක බව
විශාකාව ඔබ,විශාකාව ඔබ මා දුටු බුදු සිරිතේ යශෝධරා ඔබ මා දුටු බුදු සිරිතේ මහමායා ඔබ මා දුටු බුදු සිරිතේ මා දුටු බුදු සිරිතේ දෙදෙනෙකුගේ කුස ගින්දර එක කුසකට දැනුණා නම් දෙහිතක ඇති දුක් ගින්දර එක හිතකට දැනුණා නම් කිරි බිඳ බිඳ දෙතොලක තවරාලා ඉර සඳ තරු පෙන්වා දීලා මිනිසෙකු වන සැටි පහදා දී ලෝකය හැදූ වැඩූ අම්මා ආ… අම්මා අම්මා ආ… අම්මා,විජේසිරිවර්ධන පොලොන්නෝවිට,ප්‍රේමකීර්ති ද අල්විස්,විශාකාව ඔබ,විශාකාව,අම්මා ,අම්මාගේ ගුණ
මිනිසකු පිට නැගී අසරුවෙකි,"මිනිසකු පිට නැගී අසරුවෙකි
ඒ බර ගෙයි වහලට බරකි
පාන්දරින් පැරදුන ඒ මිනිහා
හැන්දෑවෙත් අසු පිටට නගී....

හෙට මම ගෙදරට සුර සැප දෙනවා
අද රෑ ලුණුමිරිසෙන් ගතවෙනවා
කාසි මල්ල සතෙකුගේ පිට යනවා
දු දරුවන් පැදුරේ නිදියනවා....

ඉරණම විසදුම සතෙකුට දෙනවා
තිරිසනෙකුට මිනිසකු පරදිනවා
දරුවන් බිරිදත් ගිනි උහුලනවා
හීනෙන් නුබ තව ගෙවල් හදනවා",සුනිල් එදිරිසිංහ,ප්‍රේමකීර්ති ද අල්විස්,ඒ බර ගෙයි වහලට බරකි,ගෙයි වහල,ජීවන බර,යමෙකු සූදුවට පෙළඹීම නිසා සිදුවන ධන හානියේ ප්‍රතිඵලය නිවසේ ජීවන බරට දැනේ
මිනිසා සුවඳයි මල සේ,මිනිසා සුවඳයි මල සේ නුවණින් එළියයි හිරු සේ පරවී වැටිලා ඒ හිරු මල මේ දෙරණේ  පොළවේ උරුමේ කියමින් බිලිදී විහිඟුම් ගුණදම් දහසින් මියෙනා සටනින් අඟලේ හිමිකම් සොයමින් ලොව නහවා සෝ කඳුලින් සැනහේ ජය පැන් පුරමින්  මිනිසා සුවඳයි....  උණු ලේ විෂ වී සිරුරේ ඉසුරන් ගැටෙනා අතරේ ගිනි මල් පිපිලා අහසේ ඇවිලේ ගිනි දැල් සයුරේ සා පවසින් ඉකි බිඳිනා සුසුමෙන් යදියන් හෙලනා  මිනිසා සුවඳයි...,සුනිල් එදිරිසිංහ,කුමාරදාස සපුතන්ත්‍රි,උණු ලේ විෂ වී සිරුරේ ඉසුරන් ගැටෙනා අතරේ ගිනි මල් පිපිලා අහසේ ඇවිලේ ගිනි දැල්,අහසේ ගිනි මල්,උණු ලේ,අහසේ ගිනිමල් පිපී ඇවිලී දැවෙනවා සේ උණු ලේ විෂ වී සිරුරේ ගැටේ
වෙරළු ගෙඩිය,වෙරළු ගෙඩිය හරි අටකට කපා ගෙන කොටහක් නොකා දෙගුරුන්ටත් තබාගෙන උන් අපි එදා සත් කුළු පව් විලාසෙන පැල ඉනි වැටට ඇයි අද ඇණ කොටා ගෙන  පොඩි උන් දොහේ මල් මතකය ඉරාගෙන හොඳ හිත ගිහින් උඩු හුලඟට ගසාගෙන // මහගෙයි බිමට තනි උරුමය කියාගෙන සතුරන් වෙලා උනුනට දෙස් තියාගෙන  වෙරළු ගෙඩිය...  තිරිසන් උනෝතින් කිසි හව්හරණ නැති ලන්දක කකා ලන්දක කල් යල් හරිති // එක මිහි සයන කාටත් නිදි සුවය දෙති බිම් පංගුවට ලොල් වී මළගම් නොයති  වෙරළු ගෙඩිය...,සුනිල් එදිරිසිංහ,වසන්ත කුමාර කොබවක,මල් මතකය,මල,මතකය,පුංචි කාලෙයේ මතකය මලක් වගේ සුන්දරයි
දොර කවුළු,දොර කවුළු විවර කරන අරුණ උදයේ...සීතල සුලඟ ඔබේ සුවඳ රැගෙන හමාවා... නිදියහන දෙනෙත නිසළ කරන මොහොතේ... රෑ ඝන අඳුර ඔබේ සිහින මසිත සදාවා... හද පෑරී රුදුම් දිදී තෙමා වැටෙන විට සළුපිළි... විෂ හීසර පහර වැදී දවා නැගෙන විට සෝගිනි... සීත ගගුළක් වී මා දොවමින් ගලාවා... බියකරු දිවි සටන් බිමේ පිළිරැව් දෙනවිට රණගොස... තනිවී දිවි සොහොන් බිමේ මළපොත ගෙන පෙරළන විට... මාල ගිරවෙකු වී මා නිවමින් ගයාවා.,නන්දාමාලිනි,සුනිල් ආරියරත්න,දිවි සොහොන් බිමේ,සොහොන් බිම,දිවිය,පාලුවට ගිය ජීවිතය
ඔබයි රම්‍ය සඳ කිරණ,ඔබයි රම්ය සඳ කිරණ ඝණ අන්ධකාරේ ඔබයි සෞම්ය තරැ එළිය ගිම්හාන කාලේ ඔබයි රම්ය සඳ කිරණ ඝණ අන්ධකාරේ ඔබයි සෞම්ය තරැ එළිය ගිම්හාන කාලේ සදානන්ද කරවු ඔබේ මධුර රාවෙන් පිපී ආමි අරවින්දයක් සේ තඩාගේ ප්රේමය නම් කිමැයි ඔබ මට කියා දුන්නෙහිය දැන් මගේ පරමාර්ථය ඔබය මගේ පරමාදර්ශය ඔබය මගේ ඒකායන ප්රාර්ථනයද ඔබය ඔබයි රම්ය සඳ කිරණ ඝණ අන්ධකාරේ ඔබයි සෞම්ය තරැ එළිය ගිම්හාන කාලේ උදාවු සුපෙම් දම් නුසුන් වී රැඳේවා මගේ පුංචි ලොකේ තැවුල් දුක් නොවේවා ප්රේමයේ ද්වාරය ඔබ මට විවර කලෙහිය දැන් මගේ අතීතය ඔබය මගේ වර්තමානය ඔබය උත්තරීතර අනාගතයද ඔබය ඔබයි රම්ය සඳ කිරණ ඝණ අන්ධකාරේ ඔබයි සෞම්ය තරැ එළිය ගිම්හාන කාලේ\ඔබයි රම්ය සඳ කිරණ ඝණ අන්ධකාරේ ඔබයි සෞම්ය තරැ එළිය ගිම්හාන කාලේ,නන්දාමාලිනි,සුනිල් ආරියරත්න,ඔබයි සෞම්ය තරැ එළිය,තරැ එළිය,ඔබ,ඇයගේ සුන්දරත්වය සහ සෞම්ය සඳ එළියට සමාන කර ඇත
අයන්න කියන්න ලොවටම ඇහෙන්න,අයන්න කියන්න ලොවටම ඇහෙන්න එන්න මගේ මල්ලී දුවන්න පනින්න නටන්න ගයන්න එන්න මගේ නංගී  පාසල නම් රන් දෙවොලේ දෙවියන් වන් ගුරු කැළගේ සිත දිනමින් පා සෙවණේ ශිල්ප ලබා මතු දවසේ ලෝකය දකින්න එහි සැරිසරන්නඑන්න මගේ මල්ලී එන්න මගේ නංගී අයන්න කියන්න ලොවටම ඇහෙන්න එන්න මගේ මල්ලී දුවන්න පනින්න නටන්න ගයන්න එන්න මගේ නංගී කාසි පනම් හිටි හැටියේ සතුරෝ ගෙන යති රහසේ පොතින් පතින් ලද දැණුමේ ධනය සදාකල් සුරැකේ ඥානය වඩන්න කාලය ගෙවන්න එන්න මගේ මල්ලී එන්න මගේ නංගී අයන්න කියන්න ලොවටම ඇහෙන්න එන්න මගේ මල්ලී දුවන්න පනින්න නටන්න ගයන්න එන්න මගේ නංගී එන්න මගේ මල්ලී එන්න මගේ නංගී,නන්දාමාලිනි,සුනිල් ආරියරත්න,පාසල නම් රන් දෙවොලේ,රන් දෙවො ල,පා සල,පා සල වටින ස්ථා නයකි
මිනිසා සුවඳයි මල සේ,මිනිසා සුවඳයි මල සේ නුවණින් එළියයි හිරු සේ පරවී වැටිලා ඒ හිරු මල මේ දෙරණේ  පොළවේ උරුමේ කියමින් බිලිදී විහිඟුම් ගුණදම් දහසින් මියෙනා සටනින් අඟලේ හිමිකම් සොයමින් ලොව නහවා සෝ කඳුලින් සැනහේ ජය පැන් පුරමින්  මිනිසා සුවඳයි....  උණු ලේ විෂ වී සිරුරේ ඉසුරන් ගැටෙනා අතරේ ගිනි මල් පිපිලා අහසේ ඇවිලේ ගිනි දැල් සයුරේ සා පවසින් ඉකි බිඳිනා සුසුමෙන් යදියන් හෙලනා  මිනිසා සුවඳයි...,සුනිල් එදිරිසිංහ,කුමාරදාස සපුතන්ත්‍රි,උණු ලේ විෂ වී සිරුරේ ඉසුරන් ගැටෙනා අතරේ ගිනි මල් පිපිලා අහසේ ඇවිලේ ගිනි දැල්,අහසේ ගිනි මල්,උණු ලේ,අහසේ ගිනිමල් පිපී ඇවිලී දැවෙනවා සේ උණු ලේ විෂ වී සිරුරේ ගැටේ
වෙරළු ගෙඩිය,වෙරළු ගෙඩිය හරි අටකට කපා ගෙන කොටහක් නොකා දෙගුරුන්ටත් තබාගෙන උන් අපි එදා සත් කුළු පව් විලාසෙන පැල ඉනි වැටට ඇයි අද ඇණ කොටා ගෙන  පොඩි උන් දොහේ මල් මතකය ඉරාගෙන හොඳ හිත ගිහින් උඩු හුලඟට ගසාගෙන // මහගෙයි බිමට තනි උරුමය කියාගෙන සතුරන් වෙලා උනුනට දෙස් තියාගෙන  වෙරළු ගෙඩිය...  තිරිසන් උනෝතින් කිසි හව්හරණ නැති ලන්දක කකා ලන්දක කල් යල් හරිති // එක මිහි සයන කාටත් නිදි සුවය දෙති බිම් පංගුවට ලොල් වී මළගම් නොයති  වෙරළු ගෙඩිය...,සුනිල් එදිරිසිංහ,වසන්ත කුමාර කොබවක,මල් මතකය,මල,මතකය,පුංචි කාලෙයේ මතකය මලක් වගේ සුන්දරයි
මේ තරම් සියුමැලිද කළු ගල්,මේ තරම් සියුමැලිද කළු ගල් හිතන්නටවත් බැරි නිසා මම ගියා අවුකන බුදුන්ටත් දෑස් දුන් මිනිසා සොයා //  කලා වැව ලඟ ඉලුක් හෙවනක මැටි පිලක පැදුරක් එලා රිදුම් පිරිමදිමින් බලයි ඔහු මැරෙන ඉපදෙන රළ දිහා  ඉසුරුමුණියේ නුඹ තැනූ පෙම්බරිය කොතැනද කියා මා ඇසූ විට හිනැහුණා ඔහු තවම තනිකඩයැයි කියා //,සුනිල් එදිරිසිංහ,රජී වෙල්ගම,මේ තරම් සියුමැලිද කළු ගල්,කළු ගල්,ශිල්පියාගෙ සිත,ඉතා අමාරු නිර්මාණ කරන කළු ගල් ශිල්පියාගෙ සිත කොහොමද මෙතරම් සියුමැලි  උනේ
දියළුම දිය ඇලි,දියළුම දිය ඇලි දිය රැල හා ගල ගල යයි සමුදුර සොයලා හද උපදී ආදරේ සැනසුම් තෙර සොයලා අද නැති දේ හෙට මා සොයයි හෙට හමු වී යළි ඈ සොයයි ඔබ හමුවේ හද ගී ගයයි ඔබ ඒ ගීතයෙ රාවයයි සසර පුරා ඇසු ගීතයේ රසයේ කිමිදී පැතුසේ සඳවත කුමටද ඔබ නැතිදා හිරු නැග පල නැත ඔබ නැතිදා සඳ හිරු හා ආදරේ මොකටද ඔබ නැති දා පියබර සිතුවිලි මතු අමුණයි සවණට සැනසිලි හඬ මුමුණයි කැළඹෙන මේ ලෝකයේ සහනය ඔබ පමණයි,මර්වින් පෙරේරා ,ප්‍රේමකීර්ති ද අල්විස්,සහනය ඔබ,ඔබ ,සහනය ඔබ,හිතේ සහනය
මල් වැහි සීතල,මල් වැහි සීතල මල් වැස්සේ මල් මදහාසය මං දැක්කේ මනමාලියක්ගේ සේලේ නිල් මීදුමක් ද පාවේ ආදරයකි මාගේ මදහාසයක් ද යාවේ නිල් නෙත්මිණි පහනේ රන් කාන්තිය පාවේ මද සීතල යාමේ කුමරිය ලඟ මා නේ මනමාලියක්ගේ සේලේ නිල් මීදුමක් ද පාවේ පෙම්වන්තයාගෙ දෑතේ පැටලී හිදින්නේ මා සීතලේ දැන් නැතිවේ උනුසුම විදිමී මා රණ හංස රාණි මාවේ ඔබ ප්‍රේම විලේ පාවේ පෙම්වන්තයාගෙ දෑතේ පැටලී හිදින්නේ මා,එච්.ආර්.ජෝතිපාල,ප්‍රේමකීර්ති ද අල්විස්,මනමාලියක්ගේ සේලේ නිල් මීදුමක්,නිල් මීදුමක්,මනමාලියක්ගේ සේලේ,මනමා ලියගේ සේලයේ අලන්කා රය
